/* Generated by tools/gen_aurora_assets.py; do not edit by hand. */
#pragma once
#include <stdint.h>
typedef struct { uint16_t cell, row_bytes; const uint8_t *bits;
    const uint8_t *widths; } aurora_font_size_t;
static const uint8_t aurora_font_12_bits[] = {
    0x00, 0x00, 0x00, 0x00, 0x00, 0x00, 0x00, 0x00, 0x00, 0x00, 0x00, 0x00, 0x00, 0x00, 0x00, 0x00,
    0x00, 0x00, 0x00, 0x00, 0x00, 0x00, 0x00, 0x00, 0x00, 0x00, 0x00, 0x00, 0x00, 0x00, 0x20, 0x00,
    0x20, 0x00, 0x20, 0x00, 0x20, 0x00, 0x20, 0x00, 0x20, 0x00, 0x00, 0x00, 0x20, 0x00, 0x20, 0x00,
    0x00, 0x00, 0x00, 0x00, 0x00, 0x00, 0x50, 0x00, 0x50, 0x00, 0x50, 0x00, 0x00, 0x00, 0x00, 0x00,
    0x00, 0x00, 0x00, 0x00, 0x00, 0x00, 0x00, 0x00, 0x00, 0x00, 0x00, 0x00, 0x00, 0x00, 0x00, 0x00,
    0x09, 0x00, 0x08, 0x00, 0x3F, 0x80, 0x12, 0x00, 0x12, 0x00, 0x7F, 0x00, 0x14, 0x00, 0x24, 0x00,
    0x00, 0x00, 0x00, 0x00, 0x00, 0x00, 0x10, 0x00, 0x38, 0x00, 0x54, 0x00, 0x50, 0x00, 0x30, 0x00,
    0x1C, 0x00, 0x16, 0x00, 0x54, 0x00, 0x3C, 0x00, 0x00, 0x00, 0x00, 0x00, 0x00, 0x00, 0x70, 0x80,
    0x59, 0x00, 0x4A, 0x00, 0x5A, 0x00, 0x74, 0xC0, 0x05, 0x60, 0x09, 0x20, 0x11, 0x60, 0x10, 0xC0,
    0x00, 0x00, 0x00, 0x00, 0x00, 0x00, 0x18, 0x00, 0x24, 0x00, 0x20, 0x00, 0x30, 0x00, 0x59, 0x00,
    0x4D, 0x00, 0x47, 0x00, 0x63, 0x00, 0x3D, 0x80, 0x00, 0x00, 0x00, 0x00, 0x00, 0x00, 0x40, 0x00,
    0x40, 0x00, 0x40, 0x00, 0x00, 0x00, 0x00, 0x00, 0x00, 0x00, 0x00, 0x00, 0x00, 0x00, 0x00, 0x00,
    0x00, 0x00, 0x00, 0x00, 0x00, 0x00, 0x20, 0x00, 0x20, 0x00, 0x40, 0x00, 0x40, 0x00, 0x40, 0x00,
    0x40, 0x00, 0x40, 0x00, 0x20, 0x00, 0x20, 0x00, 0x00, 0x00, 0x00, 0x00, 0x40, 0x00, 0x20, 0x00,
    0x20, 0x00, 0x20, 0x00, 0x30, 0x00, 0x30, 0x00, 0x30, 0x00, 0x20, 0x00, 0x20, 0x00, 0x20, 0x00,
    0x00, 0x00, 0x00, 0x00, 0x00, 0x00, 0x00, 0x00, 0x00, 0x00, 0x30, 0x00, 0x30, 0x00, 0x00, 0x00,
    0x00, 0x00, 0x00, 0x00, 0x00, 0x00, 0x00, 0x00, 0x00, 0x00, 0x00, 0x00, 0x00, 0x00, 0x00, 0x00,
    0x00, 0x00, 0x04, 0x00, 0x04, 0x00, 0x04, 0x00, 0x7F, 0x80, 0x04, 0x00, 0x04, 0x00, 0x04, 0x00,
    0x00, 0x00, 0x00, 0x00, 0x00, 0x00, 0x00, 0x00, 0x00, 0x00, 0x00, 0x00, 0x00, 0x00, 0x00, 0x00,
    0x00, 0x00, 0x00, 0x00, 0x60, 0x00, 0x40, 0x00, 0x00, 0x00, 0x00, 0x00, 0x00, 0x00, 0x00, 0x00,
    0x00, 0x00, 0x00, 0x00, 0x00, 0x00, 0x00, 0x00, 0x70, 0x00, 0x00, 0x00, 0x00, 0x00, 0x00, 0x00,
    0x00, 0x00, 0x00, 0x00, 0x00, 0x00, 0x00, 0x00, 0x00, 0x00, 0x00, 0x00, 0x00, 0x00, 0x00, 0x00,
    0x00, 0x00, 0x00, 0x00, 0x60, 0x00, 0x60, 0x00, 0x00, 0x00, 0x00, 0x00, 0x00, 0x00, 0x10, 0x00,
    0x10, 0x00, 0x20, 0x00, 0x20, 0x00, 0x20, 0x00, 0x40, 0x00, 0x40, 0x00, 0x40, 0x00, 0x80, 0x00,
    0x00, 0x00, 0x00, 0x00, 0x00, 0x00, 0x38, 0x00, 0x64, 0x00, 0x46, 0x00, 0x42, 0x00, 0x42, 0x00,
    0x42, 0x00, 0x46, 0x00, 0x64, 0x00, 0x38, 0x00, 0x00, 0x00, 0x00, 0x00, 0x00, 0x00, 0x78, 0x00,
    0x18, 0x00, 0x18, 0x00, 0x18, 0x00, 0x18, 0x00, 0x18, 0x00, 0x18, 0x00, 0x18, 0x00, 0x7E, 0x00,
    0x00, 0x00, 0x00, 0x00, 0x00, 0x00, 0x38, 0x00, 0x44, 0x00, 0x04, 0x00, 0x04, 0x00, 0x0C, 0x00,
    0x18, 0x00, 0x30, 0x00, 0x60, 0x00, 0x7C, 0x00, 0x00, 0x00, 0x00, 0x00, 0x00, 0x00, 0x38, 0x00,
    0x44, 0x00, 0x04, 0x00, 0x04, 0x00, 0x38, 0x00, 0x04, 0x00, 0x06, 0x00, 0x44, 0x00, 0x38, 0x00,
    0x00, 0x00, 0x00, 0x00, 0x00, 0x00, 0x0C, 0x00, 0x1C, 0x00, 0x14, 0x00, 0x24, 0x00, 0x44, 0x00,
    0x44, 0x00, 0x7E, 0x00, 0x04, 0x00, 0x04, 0x00, 0x00, 0x00, 0x00, 0x00, 0x00, 0x00, 0x7C, 0x00,
    0x40, 0x00, 0x40, 0x00, 0x78, 0x00, 0x04, 0x00, 0x06, 0x00, 0x06, 0x00, 0x44, 0x00, 0x38, 0x00,
    0x00, 0x00, 0x00, 0x00, 0x00, 0x00, 0x1C, 0x00, 0x20, 0x00, 0x40, 0x00, 0x5C, 0x00, 0x66, 0x00,
    0x42, 0x00, 0x42, 0x00, 0x64, 0x00, 0x3C, 0x00, 0x00, 0x00, 0x00, 0x00, 0x00, 0x00, 0x7E, 0x00,
    0x04, 0x00, 0x04, 0x00, 0x08, 0x00, 0x08, 0x00, 0x08, 0x00, 0x10, 0x00, 0x10, 0x00, 0x30, 0x00,
    0x00, 0x00, 0x00, 0x00, 0x00, 0x00, 0x3C, 0x00, 0x64, 0x00, 0x46, 0x00, 0x64, 0x00, 0x3C, 0x00,
    0x44, 0x00, 0x42, 0x00, 0x46, 0x00, 0x3C, 0x00, 0x00, 0x00, 0x00, 0x00, 0x00, 0x00, 0x38, 0x00,
    0x64, 0x00, 0x46, 0x00, 0x46, 0x00, 0x66, 0x00, 0x3E, 0x00, 0x04, 0x00, 0x04, 0x00, 0x38, 0x00,
    0x00, 0x00, 0x00, 0x00, 0x00, 0x00, 0x00, 0x00, 0x00, 0x00, 0x00, 0x00, 0x60, 0x00, 0x60, 0x00,
    0x00, 0x00, 0x00, 0x00, 0x60, 0x00, 0x60, 0x00, 0x00, 0x00, 0x00, 0x00, 0x00, 0x00, 0x00, 0x00,
    0x00, 0x00, 0x00, 0x00, 0x60, 0x00, 0x60, 0x00, 0x00, 0x00, 0x00, 0x00, 0x60, 0x00, 0x40, 0x00,
    0x00, 0x00, 0x00, 0x00, 0x00, 0x00, 0x00, 0x00, 0x00, 0x00, 0x01, 0x80, 0x0E, 0x00, 0x30, 0x00,
    0x30, 0x00, 0x0E, 0x00, 0x01, 0x80, 0x00, 0x00, 0x00, 0x00, 0x00, 0x00, 0x00, 0x00, 0x00, 0x00,
    0x00, 0x00, 0x00, 0x00, 0x00, 0x00, 0x7F, 0x80, 0x00, 0x00, 0x7F, 0x80, 0x00, 0x00, 0x00, 0x00,
    0x00, 0x00, 0x00, 0x00, 0x00, 0x00, 0x00, 0x00, 0x00, 0x00, 0x60, 0x00, 0x1C, 0x00, 0x03, 0x00,
    0x03, 0x00, 0x1C, 0x00, 0x60, 0x00, 0x00, 0x00, 0x00, 0x00, 0x00, 0x00, 0x00, 0x00, 0x38, 0x00,
    0x48, 0x00, 0x08, 0x00, 0x18, 0x00, 0x10, 0x00, 0x20, 0x00, 0x00, 0x00, 0x20, 0x00, 0x20, 0x00,
    0x00, 0x00, 0x00, 0x00, 0x00, 0x00, 0x00, 0x00, 0x0F, 0x00, 0x30, 0xC0, 0x20, 0x60, 0x4F, 0xA0,
    0x49, 0xA0, 0x48, 0xA0, 0x49, 0xA0, 0x4F, 0xC0, 0x00, 0x00, 0x00, 0x00, 0x00, 0x00, 0x18, 0x00,
    0x18, 0x00, 0x14, 0x00, 0x24, 0x00, 0x24, 0x00, 0x62, 0x00, 0x7E, 0x00, 0x43, 0x00, 0xC1, 0x00,
    0x00, 0x00, 0x00, 0x00, 0x00, 0x00, 0x7C, 0x00, 0x46, 0x00, 0x42, 0x00, 0x46, 0x00, 0x7C, 0x00,
    0x42, 0x00, 0x42, 0x00, 0x42, 0x00, 0x7C, 0x00, 0x00, 0x00, 0x00, 0x00, 0x00, 0x00, 0x1E, 0x00,
    0x21, 0x00, 0x40, 0x00, 0x40, 0x00, 0x40, 0x00, 0x40, 0x00, 0x40, 0x00, 0x21, 0x00, 0x1E, 0x00,
    0x00, 0x00, 0x00, 0x00, 0x00, 0x00, 0x7C, 0x00, 0x43, 0x00, 0x41, 0x00, 0x41, 0x00, 0x41, 0x80,
    0x41, 0x00, 0x41, 0x00, 0x43, 0x00, 0x7C, 0x00, 0x00, 0x00, 0x00, 0x00, 0x00, 0x00, 0x7E, 0x00,
    0x40, 0x00, 0x40, 0x00, 0x40, 0x00, 0x7E, 0x00, 0x40, 0x00, 0x40, 0x00, 0x40, 0x00, 0x7E, 0x00,
    0x00, 0x00, 0x00, 0x00, 0x00, 0x00, 0x7C, 0x00, 0x40, 0x00, 0x40, 0x00, 0x40, 0x00, 0x7C, 0x00,
    0x40, 0x00, 0x40, 0x00, 0x40, 0x00, 0x40, 0x00, 0x00, 0x00, 0x00, 0x00, 0x00, 0x00, 0x1E, 0x00,
    0x21, 0x00, 0x40, 0x00, 0x40, 0x00, 0x47, 0x00, 0x41, 0x00, 0x41, 0x00, 0x21, 0x00, 0x1E, 0x00,
    0x00, 0x00, 0x00, 0x00, 0x00, 0x00, 0x41, 0x00, 0x41, 0x00, 0x41, 0x00, 0x41, 0x00, 0x7F, 0x00,
    0x41, 0x00, 0x41, 0x00, 0x41, 0x00, 0x41, 0x00, 0x00, 0x00, 0x00, 0x00, 0x00, 0x00, 0x40, 0x00,
    0x40, 0x00, 0x40, 0x00, 0x40, 0x00, 0x40, 0x00, 0x40, 0x00, 0x40, 0x00, 0x40, 0x00, 0x40, 0x00,
    0x00, 0x00, 0x00, 0x00, 0x00, 0x00, 0x20, 0x00, 0x20, 0x00, 0x20, 0x00, 0x20, 0x00, 0x20, 0x00,
    0x20, 0x00, 0x20, 0x00, 0x20, 0x00, 0x20, 0x00, 0x00, 0x00, 0x00, 0x00, 0x00, 0x00, 0x42, 0x00,
    0x44, 0x00, 0x48, 0x00, 0x70, 0x00, 0x70, 0x00, 0x58, 0x00, 0x4C, 0x00, 0x46, 0x00, 0x43, 0x00,
    0x00, 0x00, 0x00, 0x00, 0x00, 0x00, 0x40, 0x00, 0x40, 0x00, 0x40, 0x00, 0x40, 0x00, 0x40, 0x00,
    0x40, 0x00, 0x40, 0x00, 0x40, 0x00, 0x7E, 0x00, 0x00, 0x00, 0x00, 0x00, 0x00, 0x00, 0x61, 0x80,
    0x71, 0x80, 0x52, 0x80, 0x52, 0x80, 0x4A, 0x80, 0x4C, 0x80, 0x4C, 0x80, 0x40, 0x80, 0x40, 0x80,
    0x00, 0x00, 0x00, 0x00, 0x00, 0x00, 0x61, 0x00, 0x71, 0x00, 0x51, 0x00, 0x59, 0x00, 0x49, 0x00,
    0x4D, 0x00, 0x45, 0x00, 0x47, 0x00, 0x43, 0x00, 0x00, 0x00, 0x00, 0x00, 0x00, 0x00, 0x1E, 0x00,
    0x23, 0x00, 0x41, 0x00, 0x41, 0x80, 0x41, 0x80, 0x41, 0x80, 0x41, 0x00, 0x23, 0x00, 0x1E, 0x00,
    0x00, 0x00, 0x00, 0x00, 0x00, 0x00, 0x7C, 0x00, 0x46, 0x00, 0x42, 0x00, 0x46, 0x00, 0x7C, 0x00,
    0x40, 0x00, 0x40, 0x00, 0x40, 0x00, 0x40, 0x00, 0x00, 0x00, 0x00, 0x00, 0x00, 0x00, 0x1E, 0x00,
    0x23, 0x00, 0x41, 0x00, 0x41, 0x80, 0x41, 0x80, 0x41, 0x80, 0x41, 0x00, 0x23, 0x00, 0x1E, 0x00,
    0x00, 0x00, 0x00, 0x00, 0x00, 0x00, 0x7C, 0x00, 0x46, 0x00, 0x42, 0x00, 0x46, 0x00, 0x7C, 0x00,
    0x44, 0x00, 0x42, 0x00, 0x42, 0x00, 0x43, 0x00, 0x00, 0x00, 0x00, 0x00, 0x00, 0x00, 0x3C, 0x00,
    0x40, 0x00, 0x40, 0x00, 0x60, 0x00, 0x3C, 0x00, 0x06, 0x00, 0x02, 0x00, 0x46, 0x00, 0x3C, 0x00,
    0x00, 0x00, 0x00, 0x00, 0x00, 0x00, 0x7F, 0x00, 0x08, 0x00, 0x08, 0x00, 0x08, 0x00, 0x08, 0x00,
    0x08, 0x00, 0x08, 0x00, 0x08, 0x00, 0x08, 0x00, 0x00, 0x00, 0x00, 0x00, 0x00, 0x00, 0x41, 0x00,
    0x41, 0x00, 0x41, 0x00, 0x41, 0x00, 0x41, 0x00, 0x41, 0x00, 0x43, 0x00, 0x22, 0x00, 0x1C, 0x00,
    0x00, 0x00, 0x00, 0x00, 0x00, 0x00, 0xC1, 0x00, 0x43, 0x00, 0x42, 0x00, 0x62, 0x00, 0x24, 0x00,
    0x24, 0x00, 0x14, 0x00, 0x18, 0x00, 0x18, 0x00, 0x00, 0x00, 0x00, 0x00, 0x00, 0x00, 0x46, 0x20,
    0x46, 0x20, 0x46, 0x20, 0x4A, 0x60, 0x69, 0x40, 0x29, 0x40, 0x29, 0x40, 0x31, 0xC0, 0x30, 0x80,
    0x00, 0x00, 0x00, 0x00, 0x00, 0x00, 0x42, 0x00, 0x26, 0x00, 0x34, 0x00, 0x18, 0x00, 0x18, 0x00,
    0x1C, 0x00, 0x24, 0x00, 0x62, 0x00, 0x43, 0x00, 0x00, 0x00, 0x00, 0x00, 0x00, 0x00, 0x61, 0x00,
    0x22, 0x00, 0x16, 0x00, 0x1C, 0x00, 0x08, 0x00, 0x08, 0x00, 0x08, 0x00, 0x08, 0x00, 0x08, 0x00,
    0x00, 0x00, 0x00, 0x00, 0x00, 0x00, 0x7F, 0x00, 0x02, 0x00, 0x04, 0x00, 0x0C, 0x00, 0x18, 0x00,
    0x10, 0x00, 0x20, 0x00, 0x40, 0x00, 0x7F, 0x00, 0x00, 0x00, 0x00, 0x00, 0x00, 0x00, 0x70, 0x00,
    0x40, 0x00, 0x40, 0x00, 0x40, 0x00, 0x40, 0x00, 0x40, 0x00, 0x40, 0x00, 0x40, 0x00, 0x40, 0x00,
    0x00, 0x00, 0x00, 0x00, 0x00, 0x00, 0x80, 0x00, 0x80, 0x00, 0x40, 0x00, 0x40, 0x00, 0x40, 0x00,
    0x20, 0x00, 0x20, 0x00, 0x20, 0x00, 0x10, 0x00, 0x00, 0x00, 0x00, 0x00, 0x00, 0x00, 0x70, 0x00,
    0x10, 0x00, 0x10, 0x00, 0x10, 0x00, 0x10, 0x00, 0x10, 0x00, 0x10, 0x00, 0x10, 0x00, 0x10, 0x00,
    0x00, 0x00, 0x00, 0x00, 0x00, 0x00, 0x0C, 0x00, 0x12, 0x00, 0x21, 0x00, 0x00, 0x00, 0x00, 0x00,
    0x00, 0x00, 0x00, 0x00, 0x00, 0x00, 0x00, 0x00, 0x00, 0x00, 0x00, 0x00, 0x00, 0x00, 0x00, 0x00,
    0x00, 0x00, 0x00, 0x00, 0x00, 0x00, 0x00, 0x00, 0x00, 0x00, 0x00, 0x00, 0x00, 0x00, 0x00, 0x00,
    0x00, 0x00, 0x00, 0x00, 0x60, 0x00, 0x20, 0x00, 0x00, 0x00, 0x00, 0x00, 0x00, 0x00, 0x00, 0x00,
    0x00, 0x00, 0x00, 0x00, 0x00, 0x00, 0x00, 0x00, 0x00, 0x00, 0x00, 0x00, 0x00, 0x00, 0x00, 0x00,
    0x00, 0x00, 0x78, 0x00, 0x04, 0x00, 0x04, 0x00, 0x3C, 0x00, 0x44, 0x00, 0x44, 0x00, 0x7C, 0x00,
    0x00, 0x00, 0x00, 0x00, 0x40, 0x00, 0x40, 0x00, 0x40, 0x00, 0x5C, 0x00, 0x64, 0x00, 0x42, 0x00,
    0x42, 0x00, 0x42, 0x00, 0x64, 0x00, 0x5C, 0x00, 0x00, 0x00, 0x00, 0x00, 0x00, 0x00, 0x00, 0x00,
    0x00, 0x00, 0x38, 0x00, 0x64, 0x00, 0x40, 0x00, 0x40, 0x00, 0x40, 0x00, 0x64, 0x00, 0x38, 0x00,
    0x00, 0x00, 0x00, 0x00, 0x06, 0x00, 0x06, 0x00, 0x06, 0x00, 0x3E, 0x00, 0x66, 0x00, 0x46, 0x00,
    0x46, 0x00, 0x46, 0x00, 0x66, 0x00, 0x3E, 0x00, 0x00, 0x00, 0x00, 0x00, 0x00, 0x00, 0x00, 0x00,
    0x00, 0x00, 0x38, 0x00, 0x64, 0x00, 0x42, 0x00, 0x7E, 0x00, 0x40, 0x00, 0x60, 0x00, 0x3C, 0x00,
    0x00, 0x00, 0x00, 0x00, 0x30, 0x00, 0x60, 0x00, 0x40, 0x00, 0xF0, 0x00, 0x40, 0x00, 0x40, 0x00,
    0x40, 0x00, 0x40, 0x00, 0x40, 0x00, 0x40, 0x00, 0x00, 0x00, 0x00, 0x00, 0x00, 0x00, 0x00, 0x00,
    0x00, 0x00, 0x3E, 0x00, 0x46, 0x00, 0x46, 0x00, 0x46, 0x00, 0x46, 0x00, 0x46, 0x00, 0x3E, 0x00,
    0x00, 0x00, 0x00, 0x00, 0x40, 0x00, 0x40, 0x00, 0x40, 0x00, 0x5C, 0x00, 0x64, 0x00, 0x46, 0x00,
    0x42, 0x00, 0x42, 0x00, 0x42, 0x00, 0x42, 0x00, 0x00, 0x00, 0x00, 0x00, 0x00, 0x00, 0x40, 0x00,
    0x00, 0x00, 0x40, 0x00, 0x40, 0x00, 0x40, 0x00, 0x40, 0x00, 0x40, 0x00, 0x40, 0x00, 0x40, 0x00,
    0x00, 0x00, 0x00, 0x00, 0x00, 0x00, 0x20, 0x00, 0x00, 0x00, 0x20, 0x00, 0x20, 0x00, 0x20, 0x00,
    0x20, 0x00, 0x20, 0x00, 0x20, 0x00, 0x20, 0x00, 0x00, 0x00, 0x00, 0x00, 0x40, 0x00, 0x40, 0x00,
    0x40, 0x00, 0x44, 0x00, 0x48, 0x00, 0x50, 0x00, 0x70, 0x00, 0x50, 0x00, 0x48, 0x00, 0x44, 0x00,
    0x00, 0x00, 0x00, 0x00, 0x40, 0x00, 0x40, 0x00, 0x40, 0x00, 0x40, 0x00, 0x40, 0x00, 0x40, 0x00,
    0x40, 0x00, 0x40, 0x00, 0x40, 0x00, 0x40, 0x00, 0x00, 0x00, 0x00, 0x00, 0x00, 0x00, 0x00, 0x00,
    0x00, 0x00, 0x7D, 0xC0, 0x66, 0x40, 0x44, 0x20, 0x44, 0x20, 0x44, 0x20, 0x44, 0x20, 0x44, 0x20,
    0x00, 0x00, 0x00, 0x00, 0x00, 0x00, 0x00, 0x00, 0x00, 0x00, 0x5C, 0x00, 0x64, 0x00, 0x46, 0x00,
    0x42, 0x00, 0x42, 0x00, 0x42, 0x00, 0x42, 0x00, 0x00, 0x00, 0x00, 0x00, 0x00, 0x00, 0x00, 0x00,
    0x00, 0x00, 0x38, 0x00, 0x64, 0x00, 0x46, 0x00, 0x42, 0x00, 0x46, 0x00, 0x64, 0x00, 0x38, 0x00,
    0x00, 0x00, 0x00, 0x00, 0x00, 0x00, 0x00, 0x00, 0x00, 0x00, 0x5C, 0x00, 0x64, 0x00, 0x42, 0x00,
    0x42, 0x00, 0x42, 0x00, 0x64, 0x00, 0x5C, 0x00, 0x00, 0x00, 0x00, 0x00, 0x00, 0x00, 0x00, 0x00,
    0x00, 0x00, 0x3E, 0x00, 0x66, 0x00, 0x46, 0x00, 0x46, 0x00, 0x46, 0x00, 0x66, 0x00, 0x3E, 0x00,
    0x00, 0x00, 0x00, 0x00, 0x00, 0x00, 0x00, 0x00, 0x00, 0x00, 0x58, 0x00, 0x60, 0x00, 0x40, 0x00,
    0x40, 0x00, 0x40, 0x00, 0x40, 0x00, 0x40, 0x00, 0x00, 0x00, 0x00, 0x00, 0x00, 0x00, 0x00, 0x00,
    0x00, 0x00, 0x78, 0x00, 0x40, 0x00, 0x40, 0x00, 0x30, 0x00, 0x0C, 0x00, 0x0C, 0x00, 0x78, 0x00,
    0x00, 0x00, 0x00, 0x00, 0x00, 0x00, 0x40, 0x00, 0x40, 0x00, 0xF0, 0x00, 0x40, 0x00, 0x40, 0x00,
    0x40, 0x00, 0x40, 0x00, 0x40, 0x00, 0x30, 0x00, 0x00, 0x00, 0x00, 0x00, 0x00, 0x00, 0x00, 0x00,
    0x00, 0x00, 0x46, 0x00, 0x46, 0x00, 0x46, 0x00, 0x46, 0x00, 0x46, 0x00, 0x66, 0x00, 0x3E, 0x00,
    0x00, 0x00, 0x00, 0x00, 0x00, 0x00, 0x00, 0x00, 0x00, 0x00, 0x46, 0x00, 0x44, 0x00, 0x44, 0x00,
    0x2C, 0x00, 0x28, 0x00, 0x38, 0x00, 0x10, 0x00, 0x00, 0x00, 0x00, 0x00, 0x00, 0x00, 0x00, 0x00,
    0x00, 0x00, 0x4C, 0x80, 0x4C, 0x80, 0x4C, 0x80, 0x55, 0x00, 0x33, 0x00, 0x33, 0x00, 0x33, 0x00,
    0x00, 0x00, 0x00, 0x00, 0x00, 0x00, 0x00, 0x00, 0x00, 0x00, 0x44, 0x00, 0x2C, 0x00, 0x38, 0x00,
    0x10, 0x00, 0x38, 0x00, 0x6C, 0x00, 0x44, 0x00, 0x00, 0x00, 0x00, 0x00, 0x00, 0x00, 0x00, 0x00,
    0x00, 0x00, 0x46, 0x00, 0x44, 0x00, 0x44, 0x00, 0x28, 0x00, 0x28, 0x00, 0x38, 0x00, 0x10, 0x00,
    0x00, 0x00, 0x00, 0x00, 0x00, 0x00, 0x00, 0x00, 0x00, 0x00, 0x7C, 0x00, 0x08, 0x00, 0x18, 0x00,
    0x10, 0x00, 0x20, 0x00, 0x40, 0x00, 0x7C, 0x00, 0x00, 0x00, 0x00, 0x00, 0x00, 0x00, 0x0C, 0x00,
    0x18, 0x00, 0x10, 0x00, 0x10, 0x00, 0x10, 0x00, 0x70, 0x00, 0x10, 0x00, 0x10, 0x00, 0x10, 0x00,
    0x00, 0x00, 0x00, 0x00, 0x00, 0x00, 0x20, 0x00, 0x20, 0x00, 0x20, 0x00, 0x20, 0x00, 0x20, 0x00,
    0x20, 0x00, 0x20, 0x00, 0x20, 0x00, 0x20, 0x00, 0x00, 0x00, 0x00, 0x00, 0x00, 0x00, 0x30, 0x00,
    0x10, 0x00, 0x10, 0x00, 0x10, 0x00, 0x18, 0x00, 0x0C, 0x00, 0x18, 0x00, 0x10, 0x00, 0x10, 0x00,
    0x00, 0x00, 0x00, 0x00, 0x00, 0x00, 0x00, 0x00, 0x00, 0x00, 0x00, 0x00, 0x00, 0x00, 0x38, 0x80,
    0x07, 0x00, 0x00, 0x00, 0x00, 0x00, 0x00, 0x00,
};
static const uint8_t aurora_font_12_widths[] = {
    0x04, 0x05, 0x06, 0x0A, 0x08, 0x0B, 0x09, 0x03, 0x05, 0x05, 0x06, 0x0A, 0x04, 0x04, 0x04, 0x04, 0x08, 0x08, 0x08, 0x08, 0x08, 0x08, 0x08, 0x08, 0x08, 0x08, 0x04, 0x04, 0x0A, 0x0A, 0x0A, 0x06, 0x0C, 0x08, 0x08, 0x08, 0x09, 0x08, 0x07, 0x09, 0x09, 0x04, 0x04, 0x08, 0x07, 0x0A, 0x09, 0x09, 0x07, 0x09, 0x08, 0x08, 0x07, 0x09, 0x08, 0x0C, 0x08, 0x07, 0x08, 0x05, 0x04, 0x05, 0x0A, 0x06, 0x06, 0x07, 0x08, 0x07, 0x08, 0x07, 0x04, 0x08, 0x08, 0x03, 0x03, 0x07, 0x03, 0x0C, 0x08, 0x07, 0x08, 0x08, 0x05, 0x06, 0x05, 0x08, 0x07, 0x0A, 0x07, 0x07, 0x06, 0x08, 0x04, 0x08, 0x0A
};
static const uint8_t aurora_font_14_bits[] = {
    0x00, 0x00, 0x00, 0x00, 0x00, 0x00, 0x00, 0x00, 0x00, 0x00, 0x00, 0x00, 0x00, 0x00, 0x00, 0x00,
    0x00, 0x00, 0x00, 0x00, 0x00, 0x00, 0x00, 0x00, 0x00, 0x00, 0x00, 0x00, 0x00, 0x00, 0x00, 0x00,
    0x00, 0x00, 0x30, 0x00, 0x30, 0x00, 0x30, 0x00, 0x20, 0x00, 0x20, 0x00, 0x20, 0x00, 0x00, 0x00,
    0x00, 0x00, 0x30, 0x00, 0x30, 0x00, 0x00, 0x00, 0x00, 0x00, 0x00, 0x00, 0x00, 0x00, 0x68, 0x00,
    0x68, 0x00, 0x68, 0x00, 0x68, 0x00, 0x00, 0x00, 0x00, 0x00, 0x00, 0x00, 0x00, 0x00, 0x00, 0x00,
    0x00, 0x00, 0x00, 0x00, 0x00, 0x00, 0x00, 0x00, 0x00, 0x00, 0x04, 0x80, 0x04, 0x80, 0x0C, 0x80,
    0x3F, 0xE0, 0x09, 0x00, 0x09, 0x00, 0x7F, 0xC0, 0x12, 0x00, 0x12, 0x00, 0x12, 0x00, 0x00, 0x00,
    0x00, 0x00, 0x00, 0x00, 0x08, 0x00, 0x08, 0x00, 0x3C, 0x00, 0x6A, 0x00, 0x48, 0x00, 0x68, 0x00,
    0x3C, 0x00, 0x0A, 0x00, 0x0B, 0x00, 0x4A, 0x00, 0x3E, 0x00, 0x08, 0x00, 0x00, 0x00, 0x00, 0x00,
    0x00, 0x00, 0x30, 0x40, 0x48, 0x80, 0x48, 0x80, 0x49, 0x00, 0x4B, 0x60, 0x32, 0x90, 0x04, 0x90,
    0x04, 0x90, 0x08, 0x90, 0x10, 0x70, 0x00, 0x00, 0x00, 0x00, 0x00, 0x00, 0x00, 0x00, 0x1C, 0x00,
    0x32, 0x00, 0x20, 0x00, 0x30, 0x00, 0x38, 0x00, 0x6C, 0x40, 0x46, 0xC0, 0x43, 0x80, 0x63, 0x80,
    0x1E, 0xC0, 0x00, 0x00, 0x00, 0x00, 0x00, 0x00, 0x00, 0x00, 0x60, 0x00, 0x60, 0x00, 0x60, 0x00,
    0x60, 0x00, 0x00, 0x00, 0x00, 0x00, 0x00, 0x00, 0x00, 0x00, 0x00, 0x00, 0x00, 0x00, 0x00, 0x00,
    0x00, 0x00, 0x00, 0x00, 0x10, 0x00, 0x30, 0x00, 0x20, 0x00, 0x20, 0x00, 0x60, 0x00, 0x60, 0x00,
    0x60, 0x00, 0x60, 0x00, 0x20, 0x00, 0x20, 0x00, 0x30, 0x00, 0x10, 0x00, 0x00, 0x00, 0x00, 0x00,
    0x60, 0x00, 0x20, 0x00, 0x30, 0x00, 0x10, 0x00, 0x10, 0x00, 0x10, 0x00, 0x10, 0x00, 0x10, 0x00,
    0x10, 0x00, 0x30, 0x00, 0x20, 0x00, 0x60, 0x00, 0x00, 0x00, 0x00, 0x00, 0x00, 0x00, 0x10, 0x00,
    0x54, 0x00, 0x38, 0x00, 0x38, 0x00, 0x54, 0x00, 0x10, 0x00, 0x00, 0x00, 0x00, 0x00, 0x00, 0x00,
    0x00, 0x00, 0x00, 0x00, 0x00, 0x00, 0x00, 0x00, 0x00, 0x00, 0x00, 0x00, 0x04, 0x00, 0x04, 0x00,
    0x04, 0x00, 0x04, 0x00, 0x7F, 0xC0, 0x04, 0x00, 0x04, 0x00, 0x04, 0x00, 0x04, 0x00, 0x00, 0x00,
    0x00, 0x00, 0x00, 0x00, 0x00, 0x00, 0x00, 0x00, 0x00, 0x00, 0x00, 0x00, 0x00, 0x00, 0x00, 0x00,
    0x00, 0x00, 0x00, 0x00, 0x00, 0x00, 0x20, 0x00, 0x20, 0x00, 0x40, 0x00, 0x00, 0x00, 0x00, 0x00,
    0x00, 0x00, 0x00, 0x00, 0x00, 0x00, 0x00, 0x00, 0x00, 0x00, 0x00, 0x00, 0x00, 0x00, 0x70, 0x00,
    0x00, 0x00, 0x00, 0x00, 0x00, 0x00, 0x00, 0x00, 0x00, 0x00, 0x00, 0x00, 0x00, 0x00, 0x00, 0x00,
    0x00, 0x00, 0x00, 0x00, 0x00, 0x00, 0x00, 0x00, 0x00, 0x00, 0x00, 0x00, 0x00, 0x00, 0x60, 0x00,
    0x60, 0x00, 0x00, 0x00, 0x00, 0x00, 0x00, 0x00, 0x00, 0x00, 0x18, 0x00, 0x10, 0x00, 0x10, 0x00,
    0x10, 0x00, 0x20, 0x00, 0x20, 0x00, 0x20, 0x00, 0x40, 0x00, 0x40, 0x00, 0x40, 0x00, 0xC0, 0x00,
    0x00, 0x00, 0x00, 0x00, 0x00, 0x00, 0x1C, 0x00, 0x22, 0x00, 0x63, 0x00, 0x43, 0x00, 0x41, 0x00,
    0x41, 0x00, 0x43, 0x00, 0x63, 0x00, 0x22, 0x00, 0x1C, 0x00, 0x00, 0x00, 0x00, 0x00, 0x00, 0x00,
    0x00, 0x00, 0x18, 0x00, 0x28, 0x00, 0x08, 0x00, 0x08, 0x00, 0x08, 0x00, 0x08, 0x00, 0x08, 0x00,
    0x08, 0x00, 0x08, 0x00, 0x3F, 0x00, 0x00, 0x00, 0x00, 0x00, 0x00, 0x00, 0x00, 0x00, 0x3C, 0x00,
    0x46, 0x00, 0x02, 0x00, 0x02, 0x00, 0x06, 0x00, 0x0C, 0x00, 0x18, 0x00, 0x10, 0x00, 0x20, 0x00,
    0x7F, 0x00, 0x00, 0x00, 0x00, 0x00, 0x00, 0x00, 0x00, 0x00, 0x3C, 0x00, 0x42, 0x00, 0x02, 0x00,
    0x02, 0x00, 0x1C, 0x00, 0x02, 0x00, 0x03, 0x00, 0x03, 0x00, 0x42, 0x00, 0x3C, 0x00, 0x00, 0x00,
    0x00, 0x00, 0x00, 0x00, 0x00, 0x00, 0x06, 0x00, 0x0E, 0x00, 0x16, 0x00, 0x36, 0x00, 0x26, 0x00,
    0x46, 0x00, 0x7F, 0x00, 0x06, 0x00, 0x06, 0x00, 0x06, 0x00, 0x00, 0x00, 0x00, 0x00, 0x00, 0x00,
    0x00, 0x00, 0x3E, 0x00, 0x20, 0x00, 0x20, 0x00, 0x3C, 0x00, 0x06, 0x00, 0x03, 0x00, 0x03, 0x00,
    0x03, 0x00, 0x46, 0x00, 0x3C, 0x00, 0x00, 0x00, 0x00, 0x00, 0x00, 0x00, 0x00, 0x00, 0x1E, 0x00,
    0x30, 0x00, 0x60, 0x00, 0x60, 0x00, 0x7E, 0x00, 0x63, 0x00, 0x61, 0x00, 0x61, 0x00, 0x23, 0x00,
    0x1E, 0x00, 0x00, 0x00, 0x00, 0x00, 0x00, 0x00, 0x00, 0x00, 0x7F, 0x00, 0x02, 0x00, 0x06, 0x00,
    0x06, 0x00, 0x04, 0x00, 0x0C, 0x00, 0x08, 0x00, 0x08, 0x00, 0x18, 0x00, 0x10, 0x00, 0x00, 0x00,
    0x00, 0x00, 0x00, 0x00, 0x00, 0x00, 0x3E, 0x00, 0x62, 0x00, 0x63, 0x00, 0x22, 0x00, 0x3C, 0x00,
    0x62, 0x00, 0x43, 0x00, 0x43, 0x00, 0x63, 0x00, 0x3E, 0x00, 0x00, 0x00, 0x00, 0x00, 0x00, 0x00,
    0x00, 0x00, 0x3C, 0x00, 0x62, 0x00, 0x43, 0x00, 0x43, 0x00, 0x63, 0x00, 0x3F, 0x00, 0x03, 0x00,
    0x02, 0x00, 0x06, 0x00, 0x3C, 0x00, 0x00, 0x00, 0x00, 0x00, 0x00, 0x00, 0x00, 0x00, 0x00, 0x00,
    0x00, 0x00, 0x00, 0x00, 0x20, 0x00, 0x20, 0x00, 0x00, 0x00, 0x00, 0x00, 0x00, 0x00, 0x20, 0x00,
    0x20, 0x00, 0x00, 0x00, 0x00, 0x00, 0x00, 0x00, 0x00, 0x00, 0x00, 0x00, 0x00, 0x00, 0x00, 0x00,
    0x20, 0x00, 0x20, 0x00, 0x00, 0x00, 0x00, 0x00, 0x00, 0x00, 0x20, 0x00, 0x20, 0x00, 0x40, 0x00,
    0x00, 0x00, 0x00, 0x00, 0x00, 0x00, 0x00, 0x00, 0x00, 0x00, 0x00, 0x40, 0x03, 0xC0, 0x0E, 0x00,
    0x38, 0x00, 0x38, 0x00, 0x0E, 0x00, 0x03, 0xC0, 0x00, 0x40, 0x00, 0x00, 0x00, 0x00, 0x00, 0x00,
    0x00, 0x00, 0x00, 0x00, 0x00, 0x00, 0x00, 0x00, 0x7F, 0xC0, 0x00, 0x00, 0x00, 0x00, 0x7F, 0xC0,
    0x00, 0x00, 0x00, 0x00, 0x00, 0x00, 0x00, 0x00, 0x00, 0x00, 0x00, 0x00, 0x00, 0x00, 0x00, 0x00,
    0x00, 0x00, 0x20, 0x00, 0x38, 0x00, 0x07, 0x00, 0x01, 0xC0, 0x01, 0xC0, 0x07, 0x00, 0x38, 0x00,
    0x20, 0x00, 0x00, 0x00, 0x00, 0x00, 0x00, 0x00, 0x00, 0x00, 0x38, 0x00, 0x44, 0x00, 0x04, 0x00,
    0x0C, 0x00, 0x18, 0x00, 0x10, 0x00, 0x10, 0x00, 0x00, 0x00, 0x10, 0x00, 0x10, 0x00, 0x00, 0x00,
    0x00, 0x00, 0x00, 0x00, 0x00, 0x00, 0x07, 0xC0, 0x18, 0x60, 0x20, 0x10, 0x67, 0x48, 0x4C, 0xC8,
    0x48, 0x48, 0x48, 0x48, 0x4C, 0xD0, 0x67, 0x60, 0x20, 0x00, 0x18, 0x60, 0x00, 0x00, 0x00, 0x00,
    0x00, 0x00, 0x0C, 0x00, 0x1C, 0x00, 0x16, 0x00, 0x12, 0x00, 0x22, 0x00, 0x23, 0x00, 0x7F, 0x00,
    0x41, 0x00, 0x40, 0x80, 0xC0, 0x80, 0x00, 0x00, 0x00, 0x00, 0x00, 0x00, 0x00, 0x00, 0x7E, 0x00,
    0x63, 0x00, 0x61, 0x00, 0x63, 0x00, 0x7E, 0x00, 0x61, 0x00, 0x61, 0x80, 0x61, 0x80, 0x61, 0x00,
    0x7E, 0x00, 0x00, 0x00, 0x00, 0x00, 0x00, 0x00, 0x00, 0x00, 0x1F, 0x00, 0x30, 0x80, 0x60, 0x00,
    0x40, 0x00, 0x40, 0x00, 0x40, 0x00, 0x40, 0x00, 0x60, 0x00, 0x30, 0x80, 0x1F, 0x00, 0x00, 0x00,
    0x00, 0x00, 0x00, 0x00, 0x00, 0x00, 0x7E, 0x00, 0x61, 0x80, 0x60, 0x80, 0x60, 0xC0, 0x60, 0xC0,
    0x60, 0xC0, 0x60, 0xC0, 0x60, 0x80, 0x61, 0x80, 0x7E, 0x00, 0x00, 0x00, 0x00, 0x00, 0x00, 0x00,
    0x00, 0x00, 0x7F, 0x00, 0x60, 0x00, 0x60, 0x00, 0x60, 0x00, 0x7F, 0x00, 0x60, 0x00, 0x60, 0x00,
    0x60, 0x00, 0x60, 0x00, 0x7F, 0x00, 0x00, 0x00, 0x00, 0x00, 0x00, 0x00, 0x00, 0x00, 0x7E, 0x00,
    0x60, 0x00, 0x60, 0x00, 0x60, 0x00, 0x7E, 0x00, 0x60, 0x00, 0x60, 0x00, 0x60, 0x00, 0x60, 0x00,
    0x60, 0x00, 0x00, 0x00, 0x00, 0x00, 0x00, 0x00, 0x00, 0x00, 0x1F, 0x00, 0x30, 0x80, 0x60, 0x00,
    0x40, 0x00, 0x40, 0x00, 0x43, 0xC0, 0x40, 0xC0, 0x60, 0xC0, 0x30, 0xC0, 0x1F, 0x80, 0x00, 0x00,
    0x00, 0x00, 0x00, 0x00, 0x00, 0x00, 0x60, 0x80, 0x60, 0x80, 0x60, 0x80, 0x60, 0x80, 0x7F, 0x80,
    0x60, 0x80, 0x60, 0x80, 0x60, 0x80, 0x60, 0x80, 0x60, 0x80, 0x00, 0x00, 0x00, 0x00, 0x00, 0x00,
    0x00, 0x00, 0x60, 0x00, 0x60, 0x00, 0x60, 0x00, 0x60, 0x00, 0x60, 0x00, 0x60, 0x00, 0x60, 0x00,
    0x60, 0x00, 0x60, 0x00, 0x60, 0x00, 0x00, 0x00, 0x00, 0x00, 0x00, 0x00, 0x00, 0x00, 0x30, 0x00,
    0x30, 0x00, 0x30, 0x00, 0x30, 0x00, 0x30, 0x00, 0x30, 0x00, 0x30, 0x00, 0x30, 0x00, 0x30, 0x00,
    0x30, 0x00, 0x30, 0x00, 0x00, 0x00, 0x00, 0x00, 0x00, 0x00, 0x61, 0x80, 0x62, 0x00, 0x64, 0x00,
    0x68, 0x00, 0x70, 0x00, 0x78, 0x00, 0x6C, 0x00, 0x66, 0x00, 0x63, 0x00, 0x61, 0x80, 0x00, 0x00,
    0x00, 0x00, 0x00, 0x00, 0x00, 0x00, 0x60, 0x00, 0x60, 0x00, 0x60, 0x00, 0x60, 0x00, 0x60, 0x00,
    0x60, 0x00, 0x60, 0x00, 0x60, 0x00, 0x60, 0x00, 0x7F, 0x00, 0x00, 0x00, 0x00, 0x00, 0x00, 0x00,
    0x00, 0x00, 0x70, 0xE0, 0x70, 0xE0, 0x70, 0xE0, 0x69, 0x60, 0x69, 0x60, 0x6D, 0x60, 0x66, 0x60,
    0x66, 0x60, 0x60, 0x60, 0x60, 0x60, 0x00, 0x00, 0x00, 0x00, 0x00, 0x00, 0x00, 0x00, 0x70, 0x80,
    0x70, 0x80, 0x78, 0x80, 0x68, 0x80, 0x6C, 0x80, 0x64, 0x80, 0x66, 0x80, 0x63, 0x80, 0x63, 0x80,
    0x61, 0x80, 0x00, 0x00, 0x00, 0x00, 0x00, 0x00, 0x00, 0x00, 0x1F, 0x00, 0x31, 0x80, 0x60, 0xC0,
    0x40, 0x40, 0x40, 0x40, 0x40, 0x40, 0x40, 0x40, 0x60, 0xC0, 0x31, 0x80, 0x1F, 0x00, 0x00, 0x00,
    0x00, 0x00, 0x00, 0x00, 0x00, 0x00, 0x7E, 0x00, 0x63, 0x00, 0x63, 0x00, 0x63, 0x00, 0x63, 0x00,
    0x7E, 0x00, 0x60, 0x00, 0x60, 0x00, 0x60, 0x00, 0x60, 0x00, 0x00, 0x00, 0x00, 0x00, 0x00, 0x00,
    0x00, 0x00, 0x1F, 0x00, 0x31, 0x80, 0x60, 0xC0, 0x40, 0x40, 0x40, 0x40, 0x40, 0x40, 0x40, 0x40,
    0x60, 0xC0, 0x31, 0x80, 0x1F, 0x00, 0x03, 0x00, 0x00, 0x00, 0x00, 0x00, 0x00, 0x00, 0x7E, 0x00,
    0x63, 0x00, 0x63, 0x00, 0x63, 0x00, 0x63, 0x00, 0x7E, 0x00, 0x62, 0x00, 0x63, 0x00, 0x61, 0x80,
    0x60, 0x80, 0x00, 0x00, 0x00, 0x00, 0x00, 0x00, 0x00, 0x00, 0x3C, 0x00, 0x60, 0x00, 0x40, 0x00,
    0x60, 0x00, 0x38, 0x00, 0x0E, 0x00, 0x03, 0x00, 0x01, 0x00, 0x43, 0x00, 0x3E, 0x00, 0x00, 0x00,
    0x00, 0x00, 0x00, 0x00, 0x00, 0x00, 0x7F, 0xC0, 0x04, 0x00, 0x04, 0x00, 0x04, 0x00, 0x04, 0x00,
    0x04, 0x00, 0x04, 0x00, 0x04, 0x00, 0x04, 0x00, 0x04, 0x00, 0x00, 0x00, 0x00, 0x00, 0x00, 0x00,
    0x00, 0x00, 0x60, 0x80, 0x60, 0x80, 0x60, 0x80, 0x60, 0x80, 0x60, 0x80, 0x60, 0x80, 0x60, 0x80,
    0x61, 0x80, 0x31, 0x00, 0x1E, 0x00, 0x00, 0x00, 0x00, 0x00, 0x00, 0x00, 0x00, 0x00, 0xC0, 0x80,
    0x41, 0x80, 0x61, 0x00, 0x61, 0x00, 0x23, 0x00, 0x32, 0x00, 0x12, 0x00, 0x16, 0x00, 0x1C, 0x00,
    0x0C, 0x00, 0x00, 0x00, 0x00, 0x00, 0x00, 0x00, 0x00, 0x00, 0x43, 0x08, 0x43, 0x08, 0x43, 0x18,
    0x65, 0x90, 0x24, 0x90, 0x24, 0x90, 0x3C, 0xB0, 0x38, 0xE0, 0x18, 0x60, 0x18, 0x60, 0x00, 0x00,
    0x00, 0x00, 0x00, 0x00, 0x00, 0x00, 0x61, 0x80, 0x23, 0x00, 0x12, 0x00, 0x1C, 0x00, 0x0C, 0x00,
    0x0C, 0x00, 0x16, 0x00, 0x32, 0x00, 0x61, 0x00, 0x41, 0x80, 0x00, 0x00, 0x00, 0x00, 0x00, 0x00,
    0x00, 0x00, 0x60, 0x80, 0x21, 0x80, 0x13, 0x00, 0x1A, 0x00, 0x0C, 0x00, 0x04, 0x00, 0x04, 0x00,
    0x04, 0x00, 0x04, 0x00, 0x04, 0x00, 0x00, 0x00, 0x00, 0x00, 0x00, 0x00, 0x00, 0x00, 0x7F, 0x80,
    0x01, 0x00, 0x03, 0x00, 0x06, 0x00, 0x0C, 0x00, 0x18, 0x00, 0x10, 0x00, 0x30, 0x00, 0x60, 0x00,
    0x7F, 0x80, 0x00, 0x00, 0x00, 0x00, 0x00, 0x00, 0x70, 0x00, 0x40, 0x00, 0x40, 0x00, 0x40, 0x00,
    0x40, 0x00, 0x40, 0x00, 0x40, 0x00, 0x40, 0x00, 0x40, 0x00, 0x40, 0x00, 0x40, 0x00, 0x70, 0x00,
    0x00, 0x00, 0x00, 0x00, 0x00, 0x00, 0x80, 0x00, 0xC0, 0x00, 0x40, 0x00, 0x40, 0x00, 0x40, 0x00,
    0x20, 0x00, 0x20, 0x00, 0x20, 0x00, 0x10, 0x00, 0x10, 0x00, 0x10, 0x00, 0x00, 0x00, 0x00, 0x00,
    0x70, 0x00, 0x10, 0x00, 0x10, 0x00, 0x10, 0x00, 0x10, 0x00, 0x10, 0x00, 0x10, 0x00, 0x10, 0x00,
    0x10, 0x00, 0x10, 0x00, 0x10, 0x00, 0x70, 0x00, 0x00, 0x00, 0x00, 0x00, 0x00, 0x00, 0x06, 0x00,
    0x0F, 0x00, 0x11, 0x80, 0x20, 0xC0, 0x00, 0x00, 0x00, 0x00, 0x00, 0x00, 0x00, 0x00, 0x00, 0x00,
    0x00, 0x00, 0x00, 0x00, 0x00, 0x00, 0x00, 0x00, 0x00, 0x00, 0x00, 0x00, 0x00, 0x00, 0x00, 0x00,
    0x00, 0x00, 0x00, 0x00, 0x00, 0x00, 0x00, 0x00, 0x00, 0x00, 0x00, 0x00, 0x00, 0x00, 0x00, 0x00,
    0x00, 0x00, 0x00, 0x00, 0x20, 0x00, 0x20, 0x00, 0x10, 0x00, 0x00, 0x00, 0x00, 0x00, 0x00, 0x00,
    0x00, 0x00, 0x00, 0x00, 0x00, 0x00, 0x00, 0x00, 0x00, 0x00, 0x00, 0x00, 0x00, 0x00, 0x00, 0x00,
    0x00, 0x00, 0x00, 0x00, 0x00, 0x00, 0x7C, 0x00, 0x06, 0x00, 0x02, 0x00, 0x3E, 0x00, 0x62, 0x00,
    0x42, 0x00, 0x66, 0x00, 0x3A, 0x00, 0x00, 0x00, 0x00, 0x00, 0x00, 0x00, 0x60, 0x00, 0x60, 0x00,
    0x60, 0x00, 0x7E, 0x00, 0x62, 0x00, 0x61, 0x00, 0x61, 0x00, 0x61, 0x00, 0x61, 0x00, 0x62, 0x00,
    0x7E, 0x00, 0x00, 0x00, 0x00, 0x00, 0x00, 0x00, 0x00, 0x00, 0x00, 0x00, 0x00, 0x00, 0x1C, 0x00,
    0x62, 0x00, 0x40, 0x00, 0x40, 0x00, 0x40, 0x00, 0x40, 0x00, 0x62, 0x00, 0x1C, 0x00, 0x00, 0x00,
    0x00, 0x00, 0x00, 0x00, 0x03, 0x00, 0x03, 0x00, 0x03, 0x00, 0x3F, 0x00, 0x67, 0x00, 0x43, 0x00,
    0x43, 0x00, 0x43, 0x00, 0x43, 0x00, 0x67, 0x00, 0x3F, 0x00, 0x00, 0x00, 0x00, 0x00, 0x00, 0x00,
    0x00, 0x00, 0x00, 0x00, 0x00, 0x00, 0x1C, 0x00, 0x22, 0x00, 0x41, 0x00, 0x7F, 0x00, 0x40, 0x00,
    0x40, 0x00, 0x60, 0x00, 0x1E, 0x00, 0x00, 0x00, 0x00, 0x00, 0x00, 0x00, 0x38, 0x00, 0x20, 0x00,
    0x20, 0x00, 0xF8, 0x00, 0x20, 0x00, 0x20, 0x00, 0x20, 0x00, 0x20, 0x00, 0x20, 0x00, 0x20, 0x00,
    0x20, 0x00, 0x00, 0x00, 0x00, 0x00, 0x00, 0x00, 0x00, 0x00, 0x00, 0x00, 0x00, 0x00, 0x3F, 0x00,
    0x67, 0x00, 0x43, 0x00, 0x43, 0x00, 0x43, 0x00, 0x43, 0x00, 0x67, 0x00, 0x3F, 0x00, 0x02, 0x00,
    0x00, 0x00, 0x00, 0x00, 0x60, 0x00, 0x60, 0x00, 0x60, 0x00, 0x7E, 0x00, 0x62, 0x00, 0x63, 0x00,
    0x63, 0x00, 0x63, 0x00, 0x63, 0x00, 0x63, 0x00, 0x63, 0x00, 0x00, 0x00, 0x00, 0x00, 0x00, 0x00,
    0x60, 0x00, 0x60, 0x00, 0x00, 0x00, 0x60, 0x00, 0x60, 0x00, 0x60, 0x00, 0x60, 0x00, 0x60, 0x00,
    0x60, 0x00, 0x60, 0x00, 0x60, 0x00, 0x00, 0x00, 0x00, 0x00, 0x00, 0x00, 0x30, 0x00, 0x30, 0x00,
    0x00, 0x00, 0x30, 0x00, 0x30, 0x00, 0x30, 0x00, 0x30, 0x00, 0x30, 0x00, 0x30, 0x00, 0x30, 0x00,
    0x30, 0x00, 0x30, 0x00, 0x00, 0x00, 0x00, 0x00, 0x60, 0x00, 0x60, 0x00, 0x60, 0x00, 0x62, 0x00,
    0x64, 0x00, 0x68, 0x00, 0x70, 0x00, 0x78, 0x00, 0x6C, 0x00, 0x66, 0x00, 0x63, 0x00, 0x00, 0x00,
    0x00, 0x00, 0x00, 0x00, 0x60, 0x00, 0x60, 0x00, 0x60, 0x00, 0x60, 0x00, 0x60, 0x00, 0x60, 0x00,
    0x60, 0x00, 0x60, 0x00, 0x60, 0x00, 0x60, 0x00, 0x60, 0x00, 0x00, 0x00, 0x00, 0x00, 0x00, 0x00,
    0x00, 0x00, 0x00, 0x00, 0x00, 0x00, 0x7E, 0xE0, 0x63, 0x10, 0x63, 0x10, 0x63, 0x10, 0x63, 0x10,
    0x63, 0x10, 0x63, 0x10, 0x63, 0x10, 0x00, 0x00, 0x00, 0x00, 0x00, 0x00, 0x00, 0x00, 0x00, 0x00,
    0x00, 0x00, 0x7E, 0x00, 0x62, 0x00, 0x63, 0x00, 0x63, 0x00, 0x63, 0x00, 0x63, 0x00, 0x63, 0x00,
    0x63, 0x00, 0x00, 0x00, 0x00, 0x00, 0x00, 0x00, 0x00, 0x00, 0x00, 0x00, 0x00, 0x00, 0x3C, 0x00,
    0x66, 0x00, 0x43, 0x00, 0x43, 0x00, 0x43, 0x00, 0x43, 0x00, 0x62, 0x00, 0x3C, 0x00, 0x00, 0x00,
    0x00, 0x00, 0x00, 0x00, 0x00, 0x00, 0x00, 0x00, 0x00, 0x00, 0x7E, 0x00, 0x62, 0x00, 0x61, 0x00,
    0x61, 0x00, 0x61, 0x00, 0x61, 0x00, 0x62, 0x00, 0x7E, 0x00, 0x60, 0x00, 0x00, 0x00, 0x00, 0x00,
    0x00, 0x00, 0x00, 0x00, 0x00, 0x00, 0x3F, 0x00, 0x67, 0x00, 0x43, 0x00, 0x43, 0x00, 0x43, 0x00,
    0x43, 0x00, 0x67, 0x00, 0x3F, 0x00, 0x03, 0x00, 0x00, 0x00, 0x00, 0x00, 0x00, 0x00, 0x00, 0x00,
    0x00, 0x00, 0x7C, 0x00, 0x60, 0x00, 0x60, 0x00, 0x60, 0x00, 0x60, 0x00, 0x60, 0x00, 0x60, 0x00,
    0x60, 0x00, 0x00, 0x00, 0x00, 0x00, 0x00, 0x00, 0x00, 0x00, 0x00, 0x00, 0x00, 0x00, 0x38, 0x00,
    0x44, 0x00, 0x40, 0x00, 0x70, 0x00, 0x1C, 0x00, 0x06, 0x00, 0x44, 0x00, 0x3C, 0x00, 0x00, 0x00,
    0x00, 0x00, 0x00, 0x00, 0x00, 0x00, 0x60, 0x00, 0x60, 0x00, 0xF8, 0x00, 0x60, 0x00, 0x60, 0x00,
    0x60, 0x00, 0x60, 0x00, 0x60, 0x00, 0x60, 0x00, 0x38, 0x00, 0x00, 0x00, 0x00, 0x00, 0x00, 0x00,
    0x00, 0x00, 0x00, 0x00, 0x00, 0x00, 0x43, 0x00, 0x43, 0x00, 0x43, 0x00, 0x43, 0x00, 0x43, 0x00,
    0x63, 0x00, 0x63, 0x00, 0x3F, 0x00, 0x00, 0x00, 0x00, 0x00, 0x00, 0x00, 0x00, 0x00, 0x00, 0x00,
    0x00, 0x00, 0x43, 0x00, 0x42, 0x00, 0x62, 0x00, 0x26, 0x00, 0x24, 0x00, 0x34, 0x00, 0x1C, 0x00,
    0x18, 0x00, 0x00, 0x00, 0x00, 0x00, 0x00, 0x00, 0x00, 0x00, 0x00, 0x00, 0x00, 0x00, 0x46, 0x60,
    0x46, 0x40, 0x4A, 0x40, 0x6A, 0x40, 0x2B, 0xC0, 0x39, 0x80, 0x31, 0x80, 0x31, 0x80, 0x00, 0x00,
    0x00, 0x00, 0x00, 0x00, 0x00, 0x00, 0x00, 0x00, 0x00, 0x00, 0x42, 0x00, 0x26, 0x00, 0x3C, 0x00,
    0x18, 0x00, 0x18, 0x00, 0x34, 0x00, 0x66, 0x00, 0x42, 0x00, 0x00, 0x00, 0x00, 0x00, 0x00, 0x00,
    0x00, 0x00, 0x00, 0x00, 0x00, 0x00, 0x43, 0x00, 0x42, 0x00, 0x62, 0x00, 0x26, 0x00, 0x24, 0x00,
    0x1C, 0x00, 0x18, 0x00, 0x18, 0x00, 0x18, 0x00, 0x00, 0x00, 0x00, 0x00, 0x00, 0x00, 0x00, 0x00,
    0x00, 0x00, 0x7E, 0x00, 0x04, 0x00, 0x0C, 0x00, 0x18, 0x00, 0x30, 0x00, 0x20, 0x00, 0x40, 0x00,
    0x7E, 0x00, 0x00, 0x00, 0x00, 0x00, 0x00, 0x00, 0x06, 0x00, 0x08, 0x00, 0x08, 0x00, 0x08, 0x00,
    0x08, 0x00, 0x18, 0x00, 0x30, 0x00, 0x18, 0x00, 0x08, 0x00, 0x08, 0x00, 0x08, 0x00, 0x08, 0x00,
    0x00, 0x00, 0x00, 0x00, 0x20, 0x00, 0x20, 0x00, 0x20, 0x00, 0x20, 0x00, 0x20, 0x00, 0x20, 0x00,
    0x20, 0x00, 0x20, 0x00, 0x20, 0x00, 0x20, 0x00, 0x20, 0x00, 0x20, 0x00, 0x00, 0x00, 0x00, 0x00,
    0x30, 0x00, 0x18, 0x00, 0x08, 0x00, 0x08, 0x00, 0x08, 0x00, 0x08, 0x00, 0x06, 0x00, 0x08, 0x00,
    0x08, 0x00, 0x08, 0x00, 0x08, 0x00, 0x18, 0x00, 0x00, 0x00, 0x00, 0x00, 0x00, 0x00, 0x00, 0x00,
    0x00, 0x00, 0x00, 0x00, 0x00, 0x00, 0x00, 0x00, 0x3C, 0x40, 0x03, 0x80, 0x00, 0x00, 0x00, 0x00,
    0x00, 0x00, 0x00, 0x00,
};
static const uint8_t aurora_font_14_widths[] = {
    0x04, 0x06, 0x06, 0x0C, 0x09, 0x0D, 0x0B, 0x04, 0x05, 0x05, 0x07, 0x0C, 0x04, 0x05, 0x04, 0x05, 0x09, 0x09, 0x09, 0x09, 0x09, 0x09, 0x09, 0x09, 0x09, 0x09, 0x05, 0x05, 0x0C, 0x0C, 0x0C, 0x07, 0x0E, 0x0A, 0x0A, 0x0A, 0x0B, 0x09, 0x08, 0x0B, 0x0B, 0x04, 0x04, 0x09, 0x08, 0x0C, 0x0A, 0x0B, 0x08, 0x0B, 0x0A, 0x09, 0x09, 0x0A, 0x0A, 0x0E, 0x0A, 0x09, 0x0A, 0x05, 0x05, 0x05, 0x0C, 0x07, 0x07, 0x09, 0x09, 0x08, 0x09, 0x09, 0x05, 0x09, 0x09, 0x04, 0x04, 0x08, 0x04, 0x0E, 0x09, 0x09, 0x09, 0x09, 0x06, 0x07, 0x05, 0x09, 0x08, 0x0B, 0x08, 0x08, 0x07, 0x09, 0x05, 0x09, 0x0C
};
static const uint8_t aurora_font_16_bits[] = {
    0x00, 0x00, 0x00, 0x00, 0x00, 0x00, 0x00, 0x00, 0x00, 0x00, 0x00, 0x00, 0x00, 0x00, 0x00, 0x00,
    0x00, 0x00, 0x00, 0x00, 0x00, 0x00, 0x00, 0x00, 0x00, 0x00, 0x00, 0x00, 0x00, 0x00, 0x00, 0x00,
    0x00, 0x00, 0x00, 0x00, 0x00, 0x00, 0x30, 0x00, 0x30, 0x00, 0x30, 0x00, 0x30, 0x00, 0x30, 0x00,
    0x30, 0x00, 0x30, 0x00, 0x10, 0x00, 0x00, 0x00, 0x00, 0x00, 0x30, 0x00, 0x30, 0x00, 0x00, 0x00,
    0x00, 0x00, 0x00, 0x00, 0x00, 0x00, 0x2C, 0x00, 0x2C, 0x00, 0x2C, 0x00, 0x2C, 0x00, 0x00, 0x00,
    0x00, 0x00, 0x00, 0x00, 0x00, 0x00, 0x00, 0x00, 0x00, 0x00, 0x00, 0x00, 0x00, 0x00, 0x00, 0x00,
    0x00, 0x00, 0x00, 0x00, 0x00, 0x00, 0x00, 0x00, 0x02, 0x40, 0x06, 0x40, 0x04, 0x40, 0x3F, 0xF0,
    0x04, 0x80, 0x0C, 0x80, 0x08, 0x80, 0x7F, 0xE0, 0x09, 0x00, 0x19, 0x00, 0x11, 0x00, 0x00, 0x00,
    0x00, 0x00, 0x00, 0x00, 0x00, 0x00, 0x00, 0x00, 0x00, 0x00, 0x1E, 0x00, 0x21, 0x00, 0x60, 0x00,
    0x60, 0x00, 0x3C, 0x00, 0x0F, 0x00, 0x01, 0x80, 0x01, 0x80, 0x41, 0x00, 0x3E, 0x00, 0x00, 0x00,
    0x00, 0x00, 0x00, 0x00, 0x00, 0x00, 0x38, 0x30, 0x64, 0x20, 0x44, 0x40, 0x44, 0xC0, 0x64, 0x80,
    0x39, 0x80, 0x01, 0x38, 0x02, 0x64, 0x06, 0x44, 0x04, 0x44, 0x08, 0x64, 0x08, 0x38, 0x00, 0x00,
    0x00, 0x00, 0x00, 0x00, 0x00, 0x00, 0x0E, 0x00, 0x11, 0x00, 0x30, 0x00, 0x30, 0x00, 0x18, 0x00,
    0x18, 0x00, 0x2C, 0x20, 0x66, 0x20, 0x63, 0x60, 0x61, 0xC0, 0x31, 0xC0, 0x1F, 0x20, 0x00, 0x00,
    0x00, 0x00, 0x00, 0x00, 0x00, 0x00, 0x20, 0x00, 0x20, 0x00, 0x20, 0x00, 0x20, 0x00, 0x00, 0x00,
    0x00, 0x00, 0x00, 0x00, 0x00, 0x00, 0x00, 0x00, 0x00, 0x00, 0x00, 0x00, 0x00, 0x00, 0x00, 0x00,
    0x00, 0x00, 0x00, 0x00, 0x00, 0x00, 0x18, 0x00, 0x10, 0x00, 0x30, 0x00, 0x20, 0x00, 0x20, 0x00,
    0x20, 0x00, 0x60, 0x00, 0x60, 0x00, 0x20, 0x00, 0x20, 0x00, 0x20, 0x00, 0x30, 0x00, 0x10, 0x00,
    0x00, 0x00, 0x00, 0x00, 0x00, 0x00, 0x20, 0x00, 0x20, 0x00, 0x30, 0x00, 0x10, 0x00, 0x18, 0x00,
    0x18, 0x00, 0x18, 0x00, 0x18, 0x00, 0x18, 0x00, 0x18, 0x00, 0x10, 0x00, 0x30, 0x00, 0x20, 0x00,
    0x00, 0x00, 0x00, 0x00, 0x00, 0x00, 0x00, 0x00, 0x00, 0x00, 0x42, 0x00, 0x3C, 0x00, 0x3C, 0x00,
    0x42, 0x00, 0x00, 0x00, 0x00, 0x00, 0x00, 0x00, 0x00, 0x00, 0x00, 0x00, 0x00, 0x00, 0x00, 0x00,
    0x00, 0x00, 0x00, 0x00, 0x00, 0x00, 0x00, 0x00, 0x00, 0x00, 0x00, 0x00, 0x02, 0x00, 0x02, 0x00,
    0x02, 0x00, 0x02, 0x00, 0x3F, 0xF0, 0x02, 0x00, 0x02, 0x00, 0x02, 0x00, 0x02, 0x00, 0x00, 0x00,
    0x00, 0x00, 0x00, 0x00, 0x00, 0x00, 0x00, 0x00, 0x00, 0x00, 0x00, 0x00, 0x00, 0x00, 0x00, 0x00,
    0x00, 0x00, 0x00, 0x00, 0x00, 0x00, 0x00, 0x00, 0x00, 0x00, 0x30, 0x00, 0x20, 0x00, 0x20, 0x00,
    0x00, 0x00, 0x00, 0x00, 0x00, 0x00, 0x00, 0x00, 0x00, 0x00, 0x00, 0x00, 0x00, 0x00, 0x00, 0x00,
    0x00, 0x00, 0x00, 0x00, 0x78, 0x00, 0x00, 0x00, 0x00, 0x00, 0x00, 0x00, 0x00, 0x00, 0x00, 0x00,
    0x00, 0x00, 0x00, 0x00, 0x00, 0x00, 0x00, 0x00, 0x00, 0x00, 0x00, 0x00, 0x00, 0x00, 0x00, 0x00,
    0x00, 0x00, 0x00, 0x00, 0x00, 0x00, 0x00, 0x00, 0x00, 0x00, 0x20, 0x00, 0x20, 0x00, 0x00, 0x00,
    0x00, 0x00, 0x00, 0x00, 0x00, 0x00, 0x08, 0x00, 0x08, 0x00, 0x18, 0x00, 0x10, 0x00, 0x10, 0x00,
    0x30, 0x00, 0x20, 0x00, 0x20, 0x00, 0x60, 0x00, 0x40, 0x00, 0x40, 0x00, 0xC0, 0x00, 0x80, 0x00,
    0x00, 0x00, 0x00, 0x00, 0x00, 0x00, 0x1E, 0x00, 0x33, 0x00, 0x21, 0x80, 0x61, 0x80, 0x61, 0x80,
    0x60, 0x80, 0x60, 0x80, 0x61, 0x80, 0x61, 0x80, 0x21, 0x80, 0x33, 0x00, 0x1E, 0x00, 0x00, 0x00,
    0x00, 0x00, 0x00, 0x00, 0x00, 0x00, 0x1C, 0x00, 0x24, 0x00, 0x04, 0x00, 0x04, 0x00, 0x04, 0x00,
    0x04, 0x00, 0x04, 0x00, 0x04, 0x00, 0x04, 0x00, 0x04, 0x00, 0x04, 0x00, 0x3F, 0x80, 0x00, 0x00,
    0x00, 0x00, 0x00, 0x00, 0x00, 0x00, 0x3E, 0x00, 0x63, 0x00, 0x01, 0x00, 0x01, 0x00, 0x01, 0x00,
    0x03, 0x00, 0x06, 0x00, 0x0C, 0x00, 0x18, 0x00, 0x10, 0x00, 0x30, 0x00, 0x7F, 0x80, 0x00, 0x00,
    0x00, 0x00, 0x00, 0x00, 0x00, 0x00, 0x1E, 0x00, 0x23, 0x00, 0x01, 0x80, 0x01, 0x80, 0x03, 0x00,
    0x1E, 0x00, 0x03, 0x00, 0x01, 0x80, 0x01, 0x80, 0x01, 0x80, 0x43, 0x00, 0x3E, 0x00, 0x00, 0x00,
    0x00, 0x00, 0x00, 0x00, 0x00, 0x00, 0x07, 0x00, 0x07, 0x00, 0x0B, 0x00, 0x1B, 0x00, 0x13, 0x00,
    0x33, 0x00, 0x63, 0x00, 0x43, 0x00, 0x7F, 0x80, 0x03, 0x00, 0x03, 0x00, 0x03, 0x00, 0x00, 0x00,
    0x00, 0x00, 0x00, 0x00, 0x00, 0x00, 0x3F, 0x00, 0x20, 0x00, 0x20, 0x00, 0x20, 0x00, 0x3E, 0x00,
    0x23, 0x00, 0x01, 0x80, 0x01, 0x80, 0x01, 0x80, 0x01, 0x80, 0x43, 0x00, 0x3E, 0x00, 0x00, 0x00,
    0x00, 0x00, 0x00, 0x00, 0x00, 0x00, 0x0F, 0x00, 0x10, 0x00, 0x20, 0x00, 0x60, 0x00, 0x6E, 0x00,
    0x71, 0x00, 0x61, 0x80, 0x60, 0x80, 0x60, 0x80, 0x21, 0x80, 0x31, 0x00, 0x1E, 0x00, 0x00, 0x00,
    0x00, 0x00, 0x00, 0x00, 0x00, 0x00, 0x7F, 0x80, 0x01, 0x80, 0x03, 0x00, 0x03, 0x00, 0x02, 0x00,
    0x06, 0x00, 0x06, 0x00, 0x04, 0x00, 0x0C, 0x00, 0x0C, 0x00, 0x18, 0x00, 0x18, 0x00, 0x00, 0x00,
    0x00, 0x00, 0x00, 0x00, 0x00, 0x00, 0x1E, 0x00, 0x31, 0x00, 0x61, 0x80, 0x61, 0x80, 0x31, 0x00,
    0x1E, 0x00, 0x31, 0x00, 0x61, 0x80, 0x61, 0x80, 0x61, 0x80, 0x31, 0x80, 0x1E, 0x00, 0x00, 0x00,
    0x00, 0x00, 0x00, 0x00, 0x00, 0x00, 0x1E, 0x00, 0x33, 0x00, 0x61, 0x00, 0x61, 0x80, 0x61, 0x80,
    0x61, 0x80, 0x33, 0x80, 0x1F, 0x80, 0x01, 0x80, 0x01, 0x00, 0x23, 0x00, 0x1C, 0x00, 0x00, 0x00,
    0x00, 0x00, 0x00, 0x00, 0x00, 0x00, 0x00, 0x00, 0x00, 0x00, 0x00, 0x00, 0x00, 0x00, 0x30, 0x00,
    0x30, 0x00, 0x00, 0x00, 0x00, 0x00, 0x00, 0x00, 0x00, 0x00, 0x30, 0x00, 0x30, 0x00, 0x00, 0x00,
    0x00, 0x00, 0x00, 0x00, 0x00, 0x00, 0x00, 0x00, 0x00, 0x00, 0x00, 0x00, 0x00, 0x00, 0x30, 0x00,
    0x30, 0x00, 0x00, 0x00, 0x00, 0x00, 0x00, 0x00, 0x00, 0x00, 0x30, 0x00, 0x20, 0x00, 0x20, 0x00,
    0x00, 0x00, 0x00, 0x00, 0x00, 0x00, 0x00, 0x00, 0x00, 0x00, 0x00, 0x00, 0x00, 0x30, 0x00, 0xE0,
    0x07, 0x80, 0x1C, 0x00, 0x30, 0x00, 0x1C, 0x00, 0x07, 0x80, 0x00, 0xE0, 0x00, 0x30, 0x00, 0x00,
    0x00, 0x00, 0x00, 0x00, 0x00, 0x00, 0x00, 0x00, 0x00, 0x00, 0x00, 0x00, 0x00, 0x00, 0x00, 0x00,
    0x3F, 0xF0, 0x00, 0x00, 0x00, 0x00, 0x3F, 0xF0, 0x00, 0x00, 0x00, 0x00, 0x00, 0x00, 0x00, 0x00,
    0x00, 0x00, 0x00, 0x00, 0x00, 0x00, 0x00, 0x00, 0x00, 0x00, 0x00, 0x00, 0x20, 0x00, 0x3C, 0x00,
    0x0F, 0x00, 0x01, 0xE0, 0x00, 0x70, 0x01, 0xE0, 0x0F, 0x00, 0x3C, 0x00, 0x20, 0x00, 0x00, 0x00,
    0x00, 0x00, 0x00, 0x00, 0x00, 0x00, 0x3C, 0x00, 0x46, 0x00, 0x02, 0x00, 0x06, 0x00, 0x06, 0x00,
    0x0C, 0x00, 0x18, 0x00, 0x18, 0x00, 0x18, 0x00, 0x00, 0x00, 0x18, 0x00, 0x18, 0x00, 0x00, 0x00,
    0x00, 0x00, 0x00, 0x00, 0x00, 0x00, 0x00, 0x00, 0x03, 0xE0, 0x0C, 0x10, 0x10, 0x08, 0x23, 0xE4,
    0x26, 0x66, 0x44, 0x22, 0x44, 0x22, 0x44, 0x22, 0x44, 0x24, 0x26, 0x6C, 0x23, 0xF0, 0x10, 0x00,
    0x00, 0x00, 0x00, 0x00, 0x00, 0x00, 0x0E, 0x00, 0x0E, 0x00, 0x0A, 0x00, 0x1B, 0x00, 0x1B, 0x00,
    0x11, 0x00, 0x31, 0x80, 0x21, 0x80, 0x7F, 0xC0, 0x60, 0xC0, 0x40, 0x40, 0xC0, 0x60, 0x00, 0x00,
    0x00, 0x00, 0x00, 0x00, 0x00, 0x00, 0x3F, 0x00, 0x21, 0x80, 0x20, 0x80, 0x20, 0x80, 0x21, 0x80,
    0x3F, 0x00, 0x21, 0x80, 0x20, 0xC0, 0x20, 0xC0, 0x20, 0xC0, 0x21, 0x80, 0x3F, 0x00, 0x00, 0x00,
    0x00, 0x00, 0x00, 0x00, 0x00, 0x00, 0x0F, 0x80, 0x18, 0x40, 0x30, 0x00, 0x60, 0x00, 0x60, 0x00,
    0x60, 0x00, 0x60, 0x00, 0x60, 0x00, 0x60, 0x00, 0x20, 0x00, 0x18, 0x40, 0x0F, 0x80, 0x00, 0x00,
    0x00, 0x00, 0x00, 0x00, 0x00, 0x00, 0x3F, 0x00, 0x20, 0xC0, 0x20, 0x60, 0x20, 0x60, 0x20, 0x20,
    0x20, 0x20, 0x20, 0x20, 0x20, 0x20, 0x20, 0x60, 0x20, 0x60, 0x20, 0xC0, 0x3F, 0x00, 0x00, 0x00,
    0x00, 0x00, 0x00, 0x00, 0x00, 0x00, 0x3F, 0x80, 0x20, 0x00, 0x20, 0x00, 0x20, 0x00, 0x20, 0x00,
    0x3F, 0x80, 0x20, 0x00, 0x20, 0x00, 0x20, 0x00, 0x20, 0x00, 0x20, 0x00, 0x3F, 0x80, 0x00, 0x00,
    0x00, 0x00, 0x00, 0x00, 0x00, 0x00, 0x3F, 0x00, 0x20, 0x00, 0x20, 0x00, 0x20, 0x00, 0x20, 0x00,
    0x3F, 0x00, 0x20, 0x00, 0x20, 0x00, 0x20, 0x00, 0x20, 0x00, 0x20, 0x00, 0x20, 0x00, 0x00, 0x00,
    0x00, 0x00, 0x00, 0x00, 0x00, 0x00, 0x0F, 0xC0, 0x18, 0x60, 0x20, 0x00, 0x60, 0x00, 0x60, 0x00,
    0x60, 0x00, 0x61, 0xE0, 0x60, 0x20, 0x60, 0x20, 0x20, 0x20, 0x18, 0x60, 0x0F, 0xC0, 0x00, 0x00,
    0x00, 0x00, 0x00, 0x00, 0x00, 0x00, 0x20, 0x40, 0x20, 0x40, 0x20, 0x40, 0x20, 0x40, 0x20, 0x40,
    0x3F, 0xC0, 0x20, 0x40, 0x20, 0x40, 0x20, 0x40, 0x20, 0x40, 0x20, 0x40, 0x20, 0x40, 0x00, 0x00,
    0x00, 0x00, 0x00, 0x00, 0x00, 0x00, 0x20, 0x00, 0x20, 0x00, 0x20, 0x00, 0x20, 0x00, 0x20, 0x00,
    0x20, 0x00, 0x20, 0x00, 0x20, 0x00, 0x20, 0x00, 0x20, 0x00, 0x20, 0x00, 0x20, 0x00, 0x00, 0x00,
    0x00, 0x00, 0x00, 0x00, 0x00, 0x00, 0x10, 0x00, 0x10, 0x00, 0x10, 0x00, 0x10, 0x00, 0x10, 0x00,
    0x10, 0x00, 0x10, 0x00, 0x10, 0x00, 0x10, 0x00, 0x10, 0x00, 0x10, 0x00, 0x10, 0x00, 0x30, 0x00,
    0x00, 0x00, 0x00, 0x00, 0x00, 0x00, 0x20, 0xC0, 0x21, 0x80, 0x23, 0x00, 0x26, 0x00, 0x2C, 0x00,
    0x38, 0x00, 0x3C, 0x00, 0x2C, 0x00, 0x26, 0x00, 0x23, 0x00, 0x21, 0x80, 0x20, 0xC0, 0x00, 0x00,
    0x00, 0x00, 0x00, 0x00, 0x00, 0x00, 0x20, 0x00, 0x20, 0x00, 0x20, 0x00, 0x20, 0x00, 0x20, 0x00,
    0x20, 0x00, 0x20, 0x00, 0x20, 0x00, 0x20, 0x00, 0x20, 0x00, 0x20, 0x00, 0x3F, 0x80, 0x00, 0x00,
    0x00, 0x00, 0x00, 0x00, 0x00, 0x00, 0x30, 0x30, 0x30, 0x70, 0x38, 0x70, 0x28, 0x50, 0x2C, 0xD0,
    0x24, 0x90, 0x24, 0x90, 0x27, 0x90, 0x23, 0x10, 0x23, 0x10, 0x20, 0x10, 0x20, 0x10, 0x00, 0x00,
    0x00, 0x00, 0x00, 0x00, 0x00, 0x00, 0x30, 0x40, 0x30, 0x40, 0x38, 0x40, 0x2C, 0x40, 0x2C, 0x40,
    0x26, 0x40, 0x26, 0x40, 0x23, 0x40, 0x23, 0x40, 0x21, 0xC0, 0x20, 0xC0, 0x20, 0xC0, 0x00, 0x00,
    0x00, 0x00, 0x00, 0x00, 0x00, 0x00, 0x0F, 0x80, 0x18, 0xC0, 0x30, 0x60, 0x60, 0x20, 0x60, 0x30,
    0x60, 0x30, 0x60, 0x30, 0x60, 0x30, 0x60, 0x20, 0x30, 0x60, 0x18, 0xC0, 0x0F, 0x80, 0x00, 0x00,
    0x00, 0x00, 0x00, 0x00, 0x00, 0x00, 0x3E, 0x00, 0x21, 0x80, 0x21, 0x80, 0x21, 0x80, 0x21, 0x80,
    0x21, 0x80, 0x3E, 0x00, 0x20, 0x00, 0x20, 0x00, 0x20, 0x00, 0x20, 0x00, 0x20, 0x00, 0x00, 0x00,
    0x00, 0x00, 0x00, 0x00, 0x00, 0x00, 0x0F, 0x80, 0x18, 0xC0, 0x30, 0x60, 0x60, 0x20, 0x60, 0x30,
    0x60, 0x30, 0x60, 0x30, 0x60, 0x30, 0x60, 0x20, 0x30, 0x60, 0x18, 0xC0, 0x0F, 0x80, 0x01, 0x80,
    0x00, 0x00, 0x00, 0x00, 0x00, 0x00, 0x3E, 0x00, 0x21, 0x80, 0x21, 0x80, 0x21, 0x80, 0x21, 0x80,
    0x21, 0x80, 0x3F, 0x00, 0x23, 0x00, 0x21, 0x80, 0x20, 0x80, 0x20, 0xC0, 0x20, 0x40, 0x00, 0x00,
    0x00, 0x00, 0x00, 0x00, 0x00, 0x00, 0x1E, 0x00, 0x31, 0x80, 0x60, 0x00, 0x60, 0x00, 0x60, 0x00,
    0x3C, 0x00, 0x07, 0x00, 0x01, 0x80, 0x00, 0x80, 0x41, 0x80, 0x61, 0x80, 0x3F, 0x00, 0x00, 0x00,
    0x00, 0x00, 0x00, 0x00, 0x00, 0x00, 0x7F, 0xE0, 0x06, 0x00, 0x06, 0x00, 0x06, 0x00, 0x06, 0x00,
    0x06, 0x00, 0x06, 0x00, 0x06, 0x00, 0x06, 0x00, 0x06, 0x00, 0x06, 0x00, 0x06, 0x00, 0x00, 0x00,
    0x00, 0x00, 0x00, 0x00, 0x00, 0x00, 0x60, 0x40, 0x60, 0x40, 0x60, 0x40, 0x60, 0x40, 0x60, 0x40,
    0x60, 0x40, 0x60, 0x40, 0x60, 0x40, 0x60, 0x40, 0x20, 0xC0, 0x30, 0x80, 0x1F, 0x00, 0x00, 0x00,
    0x00, 0x00, 0x00, 0x00, 0x00, 0x00, 0xC0, 0x60, 0x40, 0x40, 0x60, 0xC0, 0x60, 0xC0, 0x20, 0x80,
    0x31, 0x80, 0x11, 0x00, 0x1B, 0x00, 0x1B, 0x00, 0x0E, 0x00, 0x0E, 0x00, 0x0E, 0x00, 0x00, 0x00,
    0x00, 0x00, 0x00, 0x00, 0x00, 0x00, 0x41, 0x82, 0x41, 0x86, 0x63, 0x86, 0x62, 0xC4, 0x22, 0x44,
    0x22, 0x4C, 0x36, 0x4C, 0x36, 0x68, 0x14, 0x28, 0x1C, 0x38, 0x1C, 0x38, 0x1C, 0x30, 0x00, 0x00,
    0x00, 0x00, 0x00, 0x00, 0x00, 0x00, 0x60, 0xC0, 0x30, 0x80, 0x11, 0x80, 0x1B, 0x00, 0x0E, 0x00,
    0x06, 0x00, 0x0E, 0x00, 0x1B, 0x00, 0x19, 0x00, 0x31, 0x80, 0x60, 0x80, 0x60, 0xC0, 0x00, 0x00,
    0x00, 0x00, 0x00, 0x00, 0x00, 0x00, 0x60, 0x40, 0x30, 0xC0, 0x11, 0x80, 0x19, 0x80, 0x0F, 0x00,
    0x06, 0x00, 0x06, 0x00, 0x06, 0x00, 0x06, 0x00, 0x06, 0x00, 0x06, 0x00, 0x06, 0x00, 0x00, 0x00,
    0x00, 0x00, 0x00, 0x00, 0x00, 0x00, 0x7F, 0xC0, 0x00, 0xC0, 0x01, 0x80, 0x03, 0x00, 0x07, 0x00,
    0x06, 0x00, 0x0C, 0x00, 0x18, 0x00, 0x38, 0x00, 0x30, 0x00, 0x60, 0x00, 0x7F, 0xC0, 0x00, 0x00,
    0x00, 0x00, 0x00, 0x00, 0x00, 0x00, 0x78, 0x00, 0x60, 0x00, 0x60, 0x00, 0x60, 0x00, 0x60, 0x00,
    0x60, 0x00, 0x60, 0x00, 0x60, 0x00, 0x60, 0x00, 0x60, 0x00, 0x60, 0x00, 0x60, 0x00, 0x60, 0x00,
    0x00, 0x00, 0x00, 0x00, 0x00, 0x00, 0x80, 0x00, 0xC0, 0x00, 0x40, 0x00, 0x40, 0x00, 0x60, 0x00,
    0x20, 0x00, 0x20, 0x00, 0x30, 0x00, 0x10, 0x00, 0x10, 0x00, 0x18, 0x00, 0x08, 0x00, 0x08, 0x00,
    0x00, 0x00, 0x00, 0x00, 0x00, 0x00, 0x38, 0x00, 0x18, 0x00, 0x18, 0x00, 0x18, 0x00, 0x18, 0x00,
    0x18, 0x00, 0x18, 0x00, 0x18, 0x00, 0x18, 0x00, 0x18, 0x00, 0x18, 0x00, 0x18, 0x00, 0x18, 0x00,
    0x00, 0x00, 0x00, 0x00, 0x00, 0x00, 0x07, 0x00, 0x0D, 0x80, 0x18, 0xC0, 0x30, 0x20, 0x00, 0x00,
    0x00, 0x00, 0x00, 0x00, 0x00, 0x00, 0x00, 0x00, 0x00, 0x00, 0x00, 0x00, 0x00, 0x00, 0x00, 0x00,
    0x00, 0x00, 0x00, 0x00, 0x00, 0x00, 0x00, 0x00, 0x00, 0x00, 0x00, 0x00, 0x00, 0x00, 0x00, 0x00,
    0x00, 0x00, 0x00, 0x00, 0x00, 0x00, 0x00, 0x00, 0x00, 0x00, 0x00, 0x00, 0x00, 0x00, 0x00, 0x00,
    0x00, 0x00, 0x00, 0x00, 0x20, 0x00, 0x10, 0x00, 0x18, 0x00, 0x00, 0x00, 0x00, 0x00, 0x00, 0x00,
    0x00, 0x00, 0x00, 0x00, 0x00, 0x00, 0x00, 0x00, 0x00, 0x00, 0x00, 0x00, 0x00, 0x00, 0x00, 0x00,
    0x00, 0x00, 0x00, 0x00, 0x00, 0x00, 0x00, 0x00, 0x00, 0x00, 0x00, 0x00, 0x3E, 0x00, 0x03, 0x00,
    0x01, 0x00, 0x1F, 0x00, 0x61, 0x00, 0x61, 0x00, 0x43, 0x00, 0x63, 0x00, 0x3D, 0x00, 0x00, 0x00,
    0x00, 0x00, 0x00, 0x00, 0x00, 0x00, 0x60, 0x00, 0x60, 0x00, 0x60, 0x00, 0x6E, 0x00, 0x71, 0x00,
    0x61, 0x80, 0x60, 0x80, 0x60, 0x80, 0x60, 0x80, 0x61, 0x80, 0x71, 0x00, 0x6E, 0x00, 0x00, 0x00,
    0x00, 0x00, 0x00, 0x00, 0x00, 0x00, 0x00, 0x00, 0x00, 0x00, 0x00, 0x00, 0x1E, 0x00, 0x31, 0x00,
    0x60, 0x00, 0x60, 0x00, 0x40, 0x00, 0x60, 0x00, 0x60, 0x00, 0x31, 0x00, 0x1E, 0x00, 0x00, 0x00,
    0x00, 0x00, 0x00, 0x00, 0x00, 0x00, 0x01, 0x80, 0x01, 0x80, 0x01, 0x80, 0x1D, 0x80, 0x33, 0x80,
    0x61, 0x80, 0x41, 0x80, 0x41, 0x80, 0x41, 0x80, 0x61, 0x80, 0x33, 0x80, 0x1D, 0x80, 0x00, 0x00,
    0x00, 0x00, 0x00, 0x00, 0x00, 0x00, 0x00, 0x00, 0x00, 0x00, 0x00, 0x00, 0x1E, 0x00, 0x31, 0x00,
    0x61, 0x80, 0x61, 0x80, 0x7F, 0x80, 0x40, 0x00, 0x60, 0x00, 0x30, 0x80, 0x1F, 0x00, 0x00, 0x00,
    0x00, 0x00, 0x00, 0x00, 0x00, 0x00, 0x1C, 0x00, 0x20, 0x00, 0x20, 0x00, 0xFC, 0x00, 0x20, 0x00,
    0x20, 0x00, 0x20, 0x00, 0x20, 0x00, 0x20, 0x00, 0x20, 0x00, 0x20, 0x00, 0x20, 0x00, 0x00, 0x00,
    0x00, 0x00, 0x00, 0x00, 0x00, 0x00, 0x00, 0x00, 0x00, 0x00, 0x00, 0x00, 0x1D, 0x80, 0x33, 0x80,
    0x61, 0x80, 0x41, 0x80, 0x41, 0x80, 0x41, 0x80, 0x61, 0x80, 0x23, 0x80, 0x1D, 0x80, 0x01, 0x80,
    0x00, 0x00, 0x00, 0x00, 0x00, 0x00, 0x60, 0x00, 0x60, 0x00, 0x60, 0x00, 0x6E, 0x00, 0x71, 0x00,
    0x61, 0x80, 0x61, 0x80, 0x61, 0x80, 0x61, 0x80, 0x61, 0x80, 0x61, 0x80, 0x61, 0x80, 0x00, 0x00,
    0x00, 0x00, 0x00, 0x00, 0x00, 0x00, 0x20, 0x00, 0x20, 0x00, 0x00, 0x00, 0x20, 0x00, 0x20, 0x00,
    0x20, 0x00, 0x20, 0x00, 0x20, 0x00, 0x20, 0x00, 0x20, 0x00, 0x20, 0x00, 0x20, 0x00, 0x00, 0x00,
    0x00, 0x00, 0x00, 0x00, 0x00, 0x00, 0x10, 0x00, 0x10, 0x00, 0x00, 0x00, 0x10, 0x00, 0x10, 0x00,
    0x10, 0x00, 0x10, 0x00, 0x10, 0x00, 0x10, 0x00, 0x10, 0x00, 0x10, 0x00, 0x10, 0x00, 0x30, 0x00,
    0x00, 0x00, 0x00, 0x00, 0x00, 0x00, 0x60, 0x00, 0x60, 0x00, 0x60, 0x00, 0x61, 0x00, 0x62, 0x00,
    0x6C, 0x00, 0x78, 0x00, 0x78, 0x00, 0x6C, 0x00, 0x66, 0x00, 0x63, 0x00, 0x61, 0x80, 0x00, 0x00,
    0x00, 0x00, 0x00, 0x00, 0x00, 0x00, 0x20, 0x00, 0x20, 0x00, 0x20, 0x00, 0x20, 0x00, 0x20, 0x00,
    0x20, 0x00, 0x20, 0x00, 0x20, 0x00, 0x20, 0x00, 0x20, 0x00, 0x20, 0x00, 0x20, 0x00, 0x00, 0x00,
    0x00, 0x00, 0x00, 0x00, 0x00, 0x00, 0x00, 0x00, 0x00, 0x00, 0x00, 0x00, 0x6E, 0x38, 0x73, 0x4C,
    0x61, 0x84, 0x61, 0x84, 0x61, 0x84, 0x61, 0x84, 0x61, 0x84, 0x61, 0x84, 0x61, 0x84, 0x00, 0x00,
    0x00, 0x00, 0x00, 0x00, 0x00, 0x00, 0x00, 0x00, 0x00, 0x00, 0x00, 0x00, 0x6E, 0x00, 0x71, 0x00,
    0x61, 0x80, 0x61, 0x80, 0x61, 0x80, 0x61, 0x80, 0x61, 0x80, 0x61, 0x80, 0x61, 0x80, 0x00, 0x00,
    0x00, 0x00, 0x00, 0x00, 0x00, 0x00, 0x00, 0x00, 0x00, 0x00, 0x00, 0x00, 0x1E, 0x00, 0x33, 0x00,
    0x61, 0x80, 0x61, 0x80, 0x41, 0x80, 0x61, 0x80, 0x61, 0x80, 0x33, 0x00, 0x1E, 0x00, 0x00, 0x00,
    0x00, 0x00, 0x00, 0x00, 0x00, 0x00, 0x00, 0x00, 0x00, 0x00, 0x00, 0x00, 0x6E, 0x00, 0x71, 0x00,
    0x61, 0x80, 0x60, 0x80, 0x60, 0x80, 0x60, 0x80, 0x61, 0x80, 0x71, 0x00, 0x6E, 0x00, 0x60, 0x00,
    0x00, 0x00, 0x00, 0x00, 0x00, 0x00, 0x00, 0x00, 0x00, 0x00, 0x00, 0x00, 0x1D, 0x80, 0x33, 0x80,
    0x61, 0x80, 0x41, 0x80, 0x41, 0x80, 0x41, 0x80, 0x61, 0x80, 0x33, 0x80, 0x1D, 0x80, 0x01, 0x80,
    0x00, 0x00, 0x00, 0x00, 0x00, 0x00, 0x00, 0x00, 0x00, 0x00, 0x00, 0x00, 0x6E, 0x00, 0x70, 0x00,
    0x60, 0x00, 0x60, 0x00, 0x60, 0x00, 0x60, 0x00, 0x60, 0x00, 0x60, 0x00, 0x60, 0x00, 0x00, 0x00,
    0x00, 0x00, 0x00, 0x00, 0x00, 0x00, 0x00, 0x00, 0x00, 0x00, 0x00, 0x00, 0x3C, 0x00, 0x62, 0x00,
    0x40, 0x00, 0x60, 0x00, 0x3C, 0x00, 0x06, 0x00, 0x03, 0x00, 0x42, 0x00, 0x3C, 0x00, 0x00, 0x00,
    0x00, 0x00, 0x00, 0x00, 0x00, 0x00, 0x00, 0x00, 0x60, 0x00, 0x60, 0x00, 0xFC, 0x00, 0x60, 0x00,
    0x60, 0x00, 0x60, 0x00, 0x60, 0x00, 0x60, 0x00, 0x20, 0x00, 0x20, 0x00, 0x3C, 0x00, 0x00, 0x00,
    0x00, 0x00, 0x00, 0x00, 0x00, 0x00, 0x00, 0x00, 0x00, 0x00, 0x00, 0x00, 0x61, 0x80, 0x61, 0x80,
    0x61, 0x80, 0x61, 0x80, 0x61, 0x80, 0x61, 0x80, 0x21, 0x80, 0x33, 0x80, 0x1D, 0x80, 0x00, 0x00,
    0x00, 0x00, 0x00, 0x00, 0x00, 0x00, 0x00, 0x00, 0x00, 0x00, 0x00, 0x00, 0x41, 0x80, 0x61, 0x00,
    0x61, 0x00, 0x23, 0x00, 0x32, 0x00, 0x36, 0x00, 0x16, 0x00, 0x1C, 0x00, 0x0C, 0x00, 0x00, 0x00,
    0x00, 0x00, 0x00, 0x00, 0x00, 0x00, 0x00, 0x00, 0x00, 0x00, 0x00, 0x00, 0x43, 0x10, 0x47, 0x10,
    0x67, 0x30, 0x25, 0x30, 0x25, 0xA0, 0x3C, 0xA0, 0x38, 0xE0, 0x18, 0xE0, 0x18, 0xC0, 0x00, 0x00,
    0x00, 0x00, 0x00, 0x00, 0x00, 0x00, 0x00, 0x00, 0x00, 0x00, 0x00, 0x00, 0x61, 0x00, 0x33, 0x00,
    0x16, 0x00, 0x1C, 0x00, 0x0C, 0x00, 0x1C, 0x00, 0x36, 0x00, 0x23, 0x00, 0x61, 0x80, 0x00, 0x00,
    0x00, 0x00, 0x00, 0x00, 0x00, 0x00, 0x00, 0x00, 0x00, 0x00, 0x00, 0x00, 0x41, 0x80, 0x61, 0x00,
    0x63, 0x00, 0x23, 0x00, 0x32, 0x00, 0x16, 0x00, 0x1C, 0x00, 0x1C, 0x00, 0x0C, 0x00, 0x08, 0x00,
    0x00, 0x00, 0x00, 0x00, 0x00, 0x00, 0x00, 0x00, 0x00, 0x00, 0x00, 0x00, 0x7F, 0x00, 0x03, 0x00,
    0x06, 0x00, 0x0C, 0x00, 0x18, 0x00, 0x30, 0x00, 0x30, 0x00, 0x60, 0x00, 0x7F, 0x00, 0x00, 0x00,
    0x00, 0x00, 0x00, 0x00, 0x00, 0x00, 0x07, 0x00, 0x04, 0x00, 0x0C, 0x00, 0x0C, 0x00, 0x0C, 0x00,
    0x0C, 0x00, 0x0C, 0x00, 0x38, 0x00, 0x0C, 0x00, 0x0C, 0x00, 0x0C, 0x00, 0x0C, 0x00, 0x0C, 0x00,
    0x00, 0x00, 0x00, 0x00, 0x00, 0x00, 0x20, 0x00, 0x20, 0x00, 0x20, 0x00, 0x20, 0x00, 0x20, 0x00,
    0x20, 0x00, 0x20, 0x00, 0x20, 0x00, 0x20, 0x00, 0x20, 0x00, 0x20, 0x00, 0x20, 0x00, 0x20, 0x00,
    0x00, 0x00, 0x00, 0x00, 0x00, 0x00, 0x38, 0x00, 0x0C, 0x00, 0x0C, 0x00, 0x0C, 0x00, 0x0C, 0x00,
    0x0C, 0x00, 0x04, 0x00, 0x07, 0x00, 0x04, 0x00, 0x0C, 0x00, 0x0C, 0x00, 0x0C, 0x00, 0x0C, 0x00,
    0x00, 0x00, 0x00, 0x00, 0x00, 0x00, 0x00, 0x00, 0x00, 0x00, 0x00, 0x00, 0x00, 0x00, 0x00, 0x00,
    0x00, 0x00, 0x1E, 0x10, 0x21, 0xE0, 0x00, 0x00, 0x00, 0x00, 0x00, 0x00, 0x00, 0x00, 0x00, 0x00,
};
static const uint8_t aurora_font_16_widths[] = {
    0x05, 0x06, 0x07, 0x0D, 0x0A, 0x0F, 0x0C, 0x04, 0x06, 0x06, 0x08, 0x0D, 0x05, 0x06, 0x05, 0x05, 0x0A, 0x0A, 0x0A, 0x0A, 0x0A, 0x0A, 0x0A, 0x0A, 0x0A, 0x0A, 0x05, 0x05, 0x0D, 0x0D, 0x0D, 0x08, 0x10, 0x0B, 0x0B, 0x0B, 0x0C, 0x0A, 0x09, 0x0C, 0x0C, 0x05, 0x05, 0x0A, 0x09, 0x0E, 0x0C, 0x0D, 0x0A, 0x0D, 0x0B, 0x0A, 0x0A, 0x0C, 0x0B, 0x10, 0x0B, 0x0A, 0x0B, 0x06, 0x05, 0x06, 0x0D, 0x08, 0x08, 0x0A, 0x0A, 0x09, 0x0A, 0x0A, 0x06, 0x0A, 0x0A, 0x04, 0x04, 0x09, 0x04, 0x10, 0x0A, 0x0A, 0x0A, 0x0A, 0x07, 0x08, 0x06, 0x0A, 0x09, 0x0D, 0x09, 0x09, 0x08, 0x0A, 0x05, 0x0A, 0x0D
};
static const uint8_t aurora_font_20_bits[] = {
    0x00, 0x00, 0x00, 0x00, 0x00, 0x00, 0x00, 0x00, 0x00, 0x00, 0x00, 0x00, 0x00, 0x00, 0x00, 0x00,
    0x00, 0x00, 0x00, 0x00, 0x00, 0x00, 0x00, 0x00, 0x00, 0x00, 0x00, 0x00, 0x00, 0x00, 0x00, 0x00,
    0x00, 0x00, 0x00, 0x00, 0x00, 0x00, 0x00, 0x00, 0x00, 0x00, 0x00, 0x00, 0x00, 0x00, 0x00, 0x00,
    0x00, 0x00, 0x00, 0x00, 0x00, 0x00, 0x00, 0x00, 0x00, 0x00, 0x00, 0x00, 0x00, 0x00, 0x00, 0x00,
    0x00, 0x00, 0x00, 0x00, 0x00, 0x00, 0x00, 0x00, 0x18, 0x00, 0x00, 0x18, 0x00, 0x00, 0x18, 0x00,
    0x00, 0x18, 0x00, 0x00, 0x18, 0x00, 0x00, 0x18, 0x00, 0x00, 0x18, 0x00, 0x00, 0x18, 0x00, 0x00,
    0x18, 0x00, 0x00, 0x18, 0x00, 0x00, 0x18, 0x00, 0x00, 0x00, 0x00, 0x00, 0x00, 0x00, 0x00, 0x18,
    0x00, 0x00, 0x18, 0x00, 0x00, 0x00, 0x00, 0x00, 0x00, 0x00, 0x00, 0x00, 0x00, 0x00, 0x00, 0x00,
    0x00, 0x00, 0x00, 0x00, 0x32, 0x00, 0x00, 0x32, 0x00, 0x00, 0x32, 0x00, 0x00, 0x32, 0x00, 0x00,
    0x32, 0x00, 0x00, 0x00, 0x00, 0x00, 0x00, 0x00, 0x00, 0x00, 0x00, 0x00, 0x00, 0x00, 0x00, 0x00,
    0x00, 0x00, 0x00, 0x00, 0x00, 0x00, 0x00, 0x00, 0x00, 0x00, 0x00, 0x00, 0x00, 0x00, 0x00, 0x00,
    0x00, 0x00, 0x00, 0x00, 0x00, 0x00, 0x00, 0x00, 0x00, 0x00, 0x00, 0x00, 0x00, 0x00, 0x00, 0x00,
    0x01, 0x98, 0x00, 0x01, 0x18, 0x00, 0x01, 0x18, 0x00, 0x03, 0x10, 0x00, 0x1F, 0xFE, 0x00, 0x1F,
    0xFE, 0x00, 0x02, 0x30, 0x00, 0x06, 0x20, 0x00, 0x06, 0x20, 0x00, 0x3F, 0xFC, 0x00, 0x3F, 0xFC,
    0x00, 0x0C, 0x40, 0x00, 0x0C, 0x40, 0x00, 0x0C, 0xC0, 0x00, 0x08, 0xC0, 0x00, 0x00, 0x00, 0x00,
    0x00, 0x00, 0x00, 0x00, 0x00, 0x00, 0x00, 0x00, 0x00, 0x00, 0x00, 0x00, 0x02, 0x00, 0x00, 0x02,
    0x00, 0x00, 0x0F, 0x80, 0x00, 0x3F, 0xC0, 0x00, 0x32, 0x40, 0x00, 0x32, 0x00, 0x00, 0x32, 0x00,
    0x00, 0x3E, 0x00, 0x00, 0x1F, 0x80, 0x00, 0x03, 0xC0, 0x00, 0x02, 0x60, 0x00, 0x02, 0x60, 0x00,
    0x22, 0xE0, 0x00, 0x3F, 0xC0, 0x00, 0x1F, 0x80, 0x00, 0x02, 0x00, 0x00, 0x00, 0x00, 0x00, 0x00,
    0x00, 0x00, 0x00, 0x00, 0x00, 0x00, 0x00, 0x00, 0x1C, 0x06, 0x00, 0x26, 0x0C, 0x00, 0x63, 0x08,
    0x00, 0x63, 0x18, 0x00, 0x63, 0x10, 0x00, 0x63, 0x20, 0x00, 0x26, 0x60, 0x00, 0x1C, 0x47, 0x00,
    0x00, 0xCC, 0x80, 0x01, 0x98, 0xC0, 0x01, 0x18, 0xC0, 0x03, 0x18, 0xC0, 0x02, 0x18, 0xC0, 0x06,
    0x0C, 0x80, 0x0C, 0x07, 0x00, 0x00, 0x00, 0x00, 0x00, 0x00, 0x00, 0x00, 0x00, 0x00, 0x00, 0x00,
    0x00, 0x00, 0x00, 0x00, 0x07, 0x80, 0x00, 0x0F, 0xC0, 0x00, 0x1C, 0x40, 0x00, 0x18, 0x00, 0x00,
    0x18, 0x00, 0x00, 0x0C, 0x00, 0x00, 0x1E, 0x00, 0x00, 0x37, 0x0C, 0x00, 0x33, 0x8C, 0x00, 0x60,
    0xCC, 0x00, 0x60, 0x78, 0x00, 0x70, 0x30, 0x00, 0x38, 0x78, 0x00, 0x1F, 0xCC, 0x00, 0x0F, 0x8E,
    0x00, 0x00, 0x00, 0x00, 0x00, 0x00, 0x00, 0x00, 0x00, 0x00, 0x00, 0x00, 0x00, 0x00, 0x00, 0x00,
    0x30, 0x00, 0x00, 0x30, 0x00, 0x00, 0x30, 0x00, 0x00, 0x30, 0x00, 0x00, 0x30, 0x00, 0x00, 0x00,
    0x00, 0x00, 0x00, 0x00, 0x00, 0x00, 0x00, 0x00, 0x00, 0x00, 0x00, 0x00, 0x00, 0x00, 0x00, 0x00,
    0x00, 0x00, 0x00, 0x00, 0x00, 0x00, 0x00, 0x00, 0x00, 0x00, 0x00, 0x00, 0x00, 0x00, 0x00, 0x00,
    0x00, 0x00, 0x00, 0x00, 0x00, 0x00, 0x00, 0x00, 0x00, 0x00, 0x00, 0x00, 0x0C, 0x00, 0x00, 0x08,
    0x00, 0x00, 0x18, 0x00, 0x00, 0x18, 0x00, 0x00, 0x30, 0x00, 0x00, 0x30, 0x00, 0x00, 0x30, 0x00,
    0x00, 0x30, 0x00, 0x00, 0x30, 0x00, 0x00, 0x30, 0x00, 0x00, 0x30, 0x00, 0x00, 0x30, 0x00, 0x00,
    0x30, 0x00, 0x00, 0x30, 0x00, 0x00, 0x18, 0x00, 0x00, 0x18, 0x00, 0x00, 0x00, 0x00, 0x00, 0x00,
    0x00, 0x00, 0x00, 0x00, 0x00, 0x00, 0x00, 0x00, 0x20, 0x00, 0x00, 0x30, 0x00, 0x00, 0x18, 0x00,
    0x00, 0x18, 0x00, 0x00, 0x08, 0x00, 0x00, 0x0C, 0x00, 0x00, 0x0C, 0x00, 0x00, 0x0C, 0x00, 0x00,
    0x0C, 0x00, 0x00, 0x0C, 0x00, 0x00, 0x0C, 0x00, 0x00, 0x0C, 0x00, 0x00, 0x0C, 0x00, 0x00, 0x08,
    0x00, 0x00, 0x18, 0x00, 0x00, 0x18, 0x00, 0x00, 0x00, 0x00, 0x00, 0x00, 0x00, 0x00, 0x00, 0x00,
    0x00, 0x00, 0x00, 0x00, 0x0C, 0x00, 0x00, 0x0C, 0x00, 0x00, 0x4C, 0x80, 0x00, 0x7F, 0x80, 0x00,
    0x1E, 0x00, 0x00, 0x1E, 0x00, 0x00, 0x7F, 0x80, 0x00, 0x4C, 0x80, 0x00, 0x0C, 0x00, 0x00, 0x0C,
    0x00, 0x00, 0x00, 0x00, 0x00, 0x00, 0x00, 0x00, 0x00, 0x00, 0x00, 0x00, 0x00, 0x00, 0x00, 0x00,
    0x00, 0x00, 0x00, 0x00, 0x00, 0x00, 0x00, 0x00, 0x00, 0x00, 0x00, 0x00, 0x00, 0x00, 0x00, 0x00,
    0x00, 0x00, 0x00, 0x00, 0x00, 0x00, 0x00, 0x00, 0x00, 0x00, 0x80, 0x00, 0x00, 0x80, 0x00, 0x00,
    0x80, 0x00, 0x00, 0x80, 0x00, 0x00, 0x80, 0x00, 0x3F, 0xFE, 0x00, 0x3F, 0xFE, 0x00, 0x00, 0x80,
    0x00, 0x00, 0x80, 0x00, 0x00, 0x80, 0x00, 0x00, 0x80, 0x00, 0x00, 0x80, 0x00, 0x00, 0x00, 0x00,
    0x00, 0x00, 0x00, 0x00, 0x00, 0x00, 0x00, 0x00, 0x00, 0x00, 0x00, 0x00, 0x00, 0x00, 0x00, 0x00,
    0x00, 0x00, 0x00, 0x00, 0x00, 0x00, 0x00, 0x00, 0x00, 0x00, 0x00, 0x00, 0x00, 0x00, 0x00, 0x00,
    0x00, 0x00, 0x00, 0x00, 0x00, 0x00, 0x00, 0x00, 0x00, 0x00, 0x00, 0x00, 0x00, 0x00, 0x00, 0x00,
    0x00, 0x00, 0x00, 0x30, 0x00, 0x00, 0x30, 0x00, 0x00, 0x30, 0x00, 0x00, 0x00, 0x00, 0x00, 0x00,
    0x00, 0x00, 0x00, 0x00, 0x00, 0x00, 0x00, 0x00, 0x00, 0x00, 0x00, 0x00, 0x00, 0x00, 0x00, 0x00,
    0x00, 0x00, 0x00, 0x00, 0x00, 0x00, 0x00, 0x00, 0x00, 0x00, 0x00, 0x00, 0x00, 0x00, 0x00, 0x00,
    0x7C, 0x00, 0x00, 0x7C, 0x00, 0x00, 0x00, 0x00, 0x00, 0x00, 0x00, 0x00, 0x00, 0x00, 0x00, 0x00,
    0x00, 0x00, 0x00, 0x00, 0x00, 0x00, 0x00, 0x00, 0x00, 0x00, 0x00, 0x00, 0x00, 0x00, 0x00, 0x00,
    0x00, 0x00, 0x00, 0x00, 0x00, 0x00, 0x00, 0x00, 0x00, 0x00, 0x00, 0x00, 0x00, 0x00, 0x00, 0x00,
    0x00, 0x00, 0x00, 0x00, 0x00, 0x00, 0x00, 0x00, 0x00, 0x00, 0x00, 0x00, 0x00, 0x00, 0x00, 0x00,
    0x00, 0x00, 0x00, 0x00, 0x00, 0x00, 0x00, 0x00, 0x00, 0x00, 0x00, 0x30, 0x00, 0x00, 0x30, 0x00,
    0x00, 0x00, 0x00, 0x00, 0x00, 0x00, 0x00, 0x00, 0x00, 0x00, 0x00, 0x00, 0x00, 0x00, 0x00, 0x00,
    0x06, 0x00, 0x00, 0x04, 0x00, 0x00, 0x0C, 0x00, 0x00, 0x0C, 0x00, 0x00, 0x08, 0x00, 0x00, 0x18,
    0x00, 0x00, 0x18, 0x00, 0x00, 0x10, 0x00, 0x00, 0x30, 0x00, 0x00, 0x30, 0x00, 0x00, 0x20, 0x00,
    0x00, 0x60, 0x00, 0x00, 0x60, 0x00, 0x00, 0x40, 0x00, 0x00, 0xC0, 0x00, 0x00, 0xC0, 0x00, 0x00,
    0x00, 0x00, 0x00, 0x00, 0x00, 0x00, 0x00, 0x00, 0x00, 0x00, 0x00, 0x00, 0x0F, 0x00, 0x00, 0x1F,
    0xC0, 0x00, 0x38, 0xC0, 0x00, 0x30, 0x60, 0x00, 0x30, 0x60, 0x00, 0x60, 0x60, 0x00, 0x60, 0x60,
    0x00, 0x60, 0x60, 0x00, 0x60, 0x60, 0x00, 0x60, 0x60, 0x00, 0x30, 0x60, 0x00, 0x30, 0x60, 0x00,
    0x38, 0xC0, 0x00, 0x1F, 0xC0, 0x00, 0x0F, 0x00, 0x00, 0x00, 0x00, 0x00, 0x00, 0x00, 0x00, 0x00,
    0x00, 0x00, 0x00, 0x00, 0x00, 0x00, 0x00, 0x00, 0x0F, 0x00, 0x00, 0x3F, 0x00, 0x00, 0x33, 0x00,
    0x00, 0x03, 0x00, 0x00, 0x03, 0x00, 0x00, 0x03, 0x00, 0x00, 0x03, 0x00, 0x00, 0x03, 0x00, 0x00,
    0x03, 0x00, 0x00, 0x03, 0x00, 0x00, 0x03, 0x00, 0x00, 0x03, 0x00, 0x00, 0x03, 0x00, 0x00, 0x3F,
    0xE0, 0x00, 0x3F, 0xE0, 0x00, 0x00, 0x00, 0x00, 0x00, 0x00, 0x00, 0x00, 0x00, 0x00, 0x00, 0x00,
    0x00, 0x00, 0x00, 0x00, 0x1F, 0x00, 0x00, 0x3F, 0xC0, 0x00, 0x21, 0xC0, 0x00, 0x00, 0xE0, 0x00,
    0x00, 0x60, 0x00, 0x00, 0xC0, 0x00, 0x00, 0xC0, 0x00, 0x01, 0x80, 0x00, 0x03, 0x00, 0x00, 0x06,
    0x00, 0x00, 0x0C, 0x00, 0x00, 0x18, 0x00, 0x00, 0x30, 0x00, 0x00, 0x7F, 0xE0, 0x00, 0x7F, 0xE0,
    0x00, 0x00, 0x00, 0x00, 0x00, 0x00, 0x00, 0x00, 0x00, 0x00, 0x00, 0x00, 0x00, 0x00, 0x00, 0x00,
    0x1F, 0x80, 0x00, 0x3F, 0xC0, 0x00, 0x20, 0xE0, 0x00, 0x00, 0x60, 0x00, 0x00, 0x60, 0x00, 0x00,
    0xC0, 0x00, 0x0F, 0x80, 0x00, 0x0F, 0x80, 0x00, 0x00, 0xE0, 0x00, 0x00, 0x60, 0x00, 0x00, 0x60,
    0x00, 0x00, 0x60, 0x00, 0x20, 0xE0, 0x00, 0x3F, 0xC0, 0x00, 0x1F, 0x00, 0x00, 0x00, 0x00, 0x00,
    0x00, 0x00, 0x00, 0x00, 0x00, 0x00, 0x00, 0x00, 0x00, 0x00, 0x00, 0x00, 0x01, 0xC0, 0x00, 0x03,
    0xC0, 0x00, 0x03, 0xC0, 0x00, 0x06, 0xC0, 0x00, 0x0C, 0xC0, 0x00, 0x08, 0xC0, 0x00, 0x18, 0xC0,
    0x00, 0x30, 0xC0, 0x00, 0x20, 0xC0, 0x00, 0x60, 0xC0, 0x00, 0x7F, 0xF0, 0x00, 0x7F, 0xF0, 0x00,
    0x00, 0xC0, 0x00, 0x00, 0xC0, 0x00, 0x00, 0xC0, 0x00, 0x00, 0x00, 0x00, 0x00, 0x00, 0x00, 0x00,
    0x00, 0x00, 0x00, 0x00, 0x00, 0x00, 0x00, 0x00, 0x3F, 0xC0, 0x00, 0x3F, 0xC0, 0x00, 0x30, 0x00,
    0x00, 0x30, 0x00, 0x00, 0x30, 0x00, 0x00, 0x3F, 0x00, 0x00, 0x3F, 0xC0, 0x00, 0x21, 0xC0, 0x00,
    0x00, 0x60, 0x00, 0x00, 0x60, 0x00, 0x00, 0x60, 0x00, 0x00, 0x60, 0x00, 0x21, 0xC0, 0x00, 0x3F,
    0xC0, 0x00, 0x1F, 0x00, 0x00, 0x00, 0x00, 0x00, 0x00, 0x00, 0x00, 0x00, 0x00, 0x00, 0x00, 0x00,
    0x00, 0x00, 0x00, 0x00, 0x07, 0x80, 0x00, 0x0F, 0xE0, 0x00, 0x1C, 0x40, 0x00, 0x38, 0x00, 0x00,
    0x30, 0x00, 0x00, 0x30, 0x00, 0x00, 0x77, 0x80, 0x00, 0x7F, 0xC0, 0x00, 0x78, 0xE0, 0x00, 0x30,
    0x60, 0x00, 0x30, 0x60, 0x00, 0x30, 0x60, 0x00, 0x38, 0xE0, 0x00, 0x1F, 0xC0, 0x00, 0x0F, 0x80,
    0x00, 0x00, 0x00, 0x00, 0x00, 0x00, 0x00, 0x00, 0x00, 0x00, 0x00, 0x00, 0x00, 0x00, 0x00, 0x00,
    0x3F, 0xE0, 0x00, 0x3F, 0xE0, 0x00, 0x00, 0xC0, 0x00, 0x00, 0xC0, 0x00, 0x00, 0xC0, 0x00, 0x01,
    0x80, 0x00, 0x01, 0x80, 0x00, 0x01, 0x80, 0x00, 0x03, 0x00, 0x00, 0x03, 0x00, 0x00, 0x06, 0x00,
    0x00, 0x06, 0x00, 0x00, 0x06, 0x00, 0x00, 0x0C, 0x00, 0x00, 0x0C, 0x00, 0x00, 0x00, 0x00, 0x00,
    0x00, 0x00, 0x00, 0x00, 0x00, 0x00, 0x00, 0x00, 0x00, 0x00, 0x00, 0x00, 0x0F, 0x80, 0x00, 0x3F,
    0xC0, 0x00, 0x38, 0xE0, 0x00, 0x30, 0x60, 0x00, 0x30, 0x60, 0x00, 0x38, 0xC0, 0x00, 0x1F, 0x80,
    0x00, 0x1F, 0xC0, 0x00, 0x30, 0xE0, 0x00, 0x30, 0x60, 0x00, 0x60, 0x60, 0x00, 0x70, 0x60, 0x00,
    0x30, 0xE0, 0x00, 0x3F, 0xC0, 0x00, 0x0F, 0x80, 0x00, 0x00, 0x00, 0x00, 0x00, 0x00, 0x00, 0x00,
    0x00, 0x00, 0x00, 0x00, 0x00, 0x00, 0x00, 0x00, 0x0F, 0x00, 0x00, 0x3F, 0xC0, 0x00, 0x30, 0xC0,
    0x00, 0x60, 0x60, 0x00, 0x60, 0x60, 0x00, 0x60, 0x60, 0x00, 0x30, 0xE0, 0x00, 0x3F, 0xE0, 0x00,
    0x0F, 0x60, 0x00, 0x00, 0x60, 0x00, 0x00, 0x60, 0x00, 0x00, 0xE0, 0x00, 0x21, 0xC0, 0x00, 0x3F,
    0x80, 0x00, 0x1F, 0x00, 0x00, 0x00, 0x00, 0x00, 0x00, 0x00, 0x00, 0x00, 0x00, 0x00, 0x00, 0x00,
    0x00, 0x00, 0x00, 0x00, 0x00, 0x00, 0x00, 0x00, 0x00, 0x00, 0x00, 0x00, 0x00, 0x00, 0x00, 0x00,
    0x00, 0x00, 0x00, 0x30, 0x00, 0x00, 0x30, 0x00, 0x00, 0x00, 0x00, 0x00, 0x00, 0x00, 0x00, 0x00,
    0x00, 0x00, 0x00, 0x00, 0x00, 0x00, 0x00, 0x00, 0x00, 0x00, 0x00, 0x30, 0x00, 0x00, 0x30, 0x00,
    0x00, 0x00, 0x00, 0x00, 0x00, 0x00, 0x00, 0x00, 0x00, 0x00, 0x00, 0x00, 0x00, 0x00, 0x00, 0x00,
    0x00, 0x00, 0x00, 0x00, 0x00, 0x00, 0x00, 0x00, 0x00, 0x00, 0x00, 0x00, 0x00, 0x00, 0x00, 0x30,
    0x00, 0x00, 0x30, 0x00, 0x00, 0x00, 0x00, 0x00, 0x00, 0x00, 0x00, 0x00, 0x00, 0x00, 0x00, 0x00,
    0x00, 0x00, 0x00, 0x00, 0x00, 0x00, 0x00, 0x30, 0x00, 0x00, 0x30, 0x00, 0x00, 0x30, 0x00, 0x00,
    0x00, 0x00, 0x00, 0x00, 0x00, 0x00, 0x00, 0x00, 0x00, 0x00, 0x00, 0x00, 0x00, 0x00, 0x00, 0x00,
    0x00, 0x00, 0x00, 0x00, 0x00, 0x00, 0x06, 0x00, 0x00, 0x1E, 0x00, 0x00, 0xF8, 0x00, 0x07, 0xC0,
    0x00, 0x1E, 0x00, 0x00, 0x38, 0x00, 0x00, 0x1E, 0x00, 0x00, 0x07, 0xC0, 0x00, 0x00, 0xF8, 0x00,
    0x00, 0x1E, 0x00, 0x00, 0x06, 0x00, 0x00, 0x00, 0x00, 0x00, 0x00, 0x00, 0x00, 0x00, 0x00, 0x00,
    0x00, 0x00, 0x00, 0x00, 0x00, 0x00, 0x00, 0x00, 0x00, 0x00, 0x00, 0x00, 0x00, 0x00, 0x00, 0x00,
    0x00, 0x00, 0x00, 0x00, 0x00, 0x00, 0x00, 0x00, 0x00, 0x00, 0x3F, 0xFE, 0x00, 0x3F, 0xFE, 0x00,
    0x00, 0x00, 0x00, 0x00, 0x00, 0x00, 0x3F, 0xFE, 0x00, 0x3F, 0xFE, 0x00, 0x00, 0x00, 0x00, 0x00,
    0x00, 0x00, 0x00, 0x00, 0x00, 0x00, 0x00, 0x00, 0x00, 0x00, 0x00, 0x00, 0x00, 0x00, 0x00, 0x00,
    0x00, 0x00, 0x00, 0x00, 0x00, 0x00, 0x00, 0x00, 0x00, 0x00, 0x00, 0x00, 0x00, 0x20, 0x00, 0x00,
    0x3C, 0x00, 0x00, 0x0F, 0x80, 0x00, 0x01, 0xE0, 0x00, 0x00, 0x7C, 0x00, 0x00, 0x1E, 0x00, 0x00,
    0x7C, 0x00, 0x01, 0xF0, 0x00, 0x0F, 0x80, 0x00, 0x3C, 0x00, 0x00, 0x20, 0x00, 0x00, 0x00, 0x00,
    0x00, 0x00, 0x00, 0x00, 0x00, 0x00, 0x00, 0x00, 0x00, 0x00, 0x00, 0x00, 0x00, 0x00, 0x00, 0x00,
    0x1E, 0x00, 0x00, 0x7F, 0x80, 0x00, 0x23, 0x80, 0x00, 0x01, 0x80, 0x00, 0x01, 0x80, 0x00, 0x03,
    0x80, 0x00, 0x03, 0x00, 0x00, 0x06, 0x00, 0x00, 0x0C, 0x00, 0x00, 0x0C, 0x00, 0x00, 0x0C, 0x00,
    0x00, 0x0C, 0x00, 0x00, 0x00, 0x00, 0x00, 0x0C, 0x00, 0x00, 0x0C, 0x00, 0x00, 0x00, 0x00, 0x00,
    0x00, 0x00, 0x00, 0x00, 0x00, 0x00, 0x00, 0x00, 0x00, 0x00, 0x00, 0x00, 0x00, 0x00, 0x00, 0x01,
    0xF8, 0x00, 0x07, 0xFE, 0x00, 0x0E, 0x07, 0x00, 0x1C, 0x01, 0x80, 0x10, 0x00, 0xC0, 0x30, 0xE4,
    0x40, 0x21, 0xFC, 0x60, 0x63, 0x0C, 0x60, 0x63, 0x04, 0x60, 0x63, 0x04, 0x40, 0x63, 0x0C, 0xC0,
    0x21, 0xFF, 0x80, 0x30, 0xE6, 0x00, 0x30, 0x00, 0x00, 0x18, 0x02, 0x00, 0x00, 0x00, 0x00, 0x00,
    0x00, 0x00, 0x00, 0x00, 0x00, 0x00, 0x00, 0x00, 0x03, 0x00, 0x00, 0x07, 0x80, 0x00, 0x07, 0x80,
    0x00, 0x0D, 0x80, 0x00, 0x0C, 0xC0, 0x00, 0x0C, 0xC0, 0x00, 0x18, 0xC0, 0x00, 0x18, 0x60, 0x00,
    0x18, 0x60, 0x00, 0x30, 0x60, 0x00, 0x3F, 0xF0, 0x00, 0x7F, 0xF0, 0x00, 0x60, 0x38, 0x00, 0x60,
    0x18, 0x00, 0xC0, 0x18, 0x00, 0x00, 0x00, 0x00, 0x00, 0x00, 0x00, 0x00, 0x00, 0x00, 0x00, 0x00,
    0x00, 0x00, 0x00, 0x00, 0x3F, 0xC0, 0x00, 0x3F, 0xE0, 0x00, 0x30, 0x70, 0x00, 0x30, 0x30, 0x00,
    0x30, 0x30, 0x00, 0x30, 0x60, 0x00, 0x3F, 0xC0, 0x00, 0x3F, 0xE0, 0x00, 0x30, 0x70, 0x00, 0x30,
    0x30, 0x00, 0x30, 0x30, 0x00, 0x30, 0x30, 0x00, 0x30, 0x70, 0x00, 0x3F, 0xE0, 0x00, 0x3F, 0xC0,
    0x00, 0x00, 0x00, 0x00, 0x00, 0x00, 0x00, 0x00, 0x00, 0x00, 0x00, 0x00, 0x00, 0x00, 0x00, 0x00,
    0x07, 0xE0, 0x00, 0x0F, 0xF8, 0x00, 0x1C, 0x18, 0x00, 0x38, 0x00, 0x00, 0x30, 0x00, 0x00, 0x60,
    0x00, 0x00, 0x60, 0x00, 0x00, 0x60, 0x00, 0x00, 0x60, 0x00, 0x00, 0x60, 0x00, 0x00, 0x30, 0x00,
    0x00, 0x30, 0x00, 0x00, 0x1C, 0x18, 0x00, 0x0F, 0xF8, 0x00, 0x07, 0xE0, 0x00, 0x00, 0x00, 0x00,
    0x00, 0x00, 0x00, 0x00, 0x00, 0x00, 0x00, 0x00, 0x00, 0x00, 0x00, 0x00, 0x3F, 0xC0, 0x00, 0x3F,
    0xF0, 0x00, 0x30, 0x78, 0x00, 0x30, 0x18, 0x00, 0x30, 0x0C, 0x00, 0x30, 0x0C, 0x00, 0x30, 0x0C,
    0x00, 0x30, 0x0C, 0x00, 0x30, 0x0C, 0x00, 0x30, 0x0C, 0x00, 0x30, 0x0C, 0x00, 0x30, 0x18, 0x00,
    0x30, 0x78, 0x00, 0x3F, 0xF0, 0x00, 0x3F, 0xC0, 0x00, 0x00, 0x00, 0x00, 0x00, 0x00, 0x00, 0x00,
    0x00, 0x00, 0x00, 0x00, 0x00, 0x00, 0x00, 0x00, 0x3F, 0xE0, 0x00, 0x3F, 0xE0, 0x00, 0x30, 0x00,
    0x00, 0x30, 0x00, 0x00, 0x30, 0x00, 0x00, 0x30, 0x00, 0x00, 0x3F, 0xE0, 0x00, 0x3F, 0xE0, 0x00,
    0x30, 0x00, 0x00, 0x30, 0x00, 0x00, 0x30, 0x00, 0x00, 0x30, 0x00, 0x00, 0x30, 0x00, 0x00, 0x3F,
    0xE0, 0x00, 0x3F, 0xE0, 0x00, 0x00, 0x00, 0x00, 0x00, 0x00, 0x00, 0x00, 0x00, 0x00, 0x00, 0x00,
    0x00, 0x00, 0x00, 0x00, 0x3F, 0xC0, 0x00, 0x3F, 0xC0, 0x00, 0x30, 0x00, 0x00, 0x30, 0x00, 0x00,
    0x30, 0x00, 0x00, 0x30, 0x00, 0x00, 0x3F, 0xC0, 0x00, 0x3F, 0xC0, 0x00, 0x30, 0x00, 0x00, 0x30,
    0x00, 0x00, 0x30, 0x00, 0x00, 0x30, 0x00, 0x00, 0x30, 0x00, 0x00, 0x30, 0x00, 0x00, 0x30, 0x00,
    0x00, 0x00, 0x00, 0x00, 0x00, 0x00, 0x00, 0x00, 0x00, 0x00, 0x00, 0x00, 0x00, 0x00, 0x00, 0x00,
    0x07, 0xF0, 0x00, 0x0F, 0xF8, 0x00, 0x1C, 0x08, 0x00, 0x30, 0x00, 0x00, 0x30, 0x00, 0x00, 0x60,
    0x00, 0x00, 0x60, 0x00, 0x00, 0x60, 0x7C, 0x00, 0x60, 0x7C, 0x00, 0x60, 0x0C, 0x00, 0x30, 0x0C,
    0x00, 0x30, 0x0C, 0x00, 0x1C, 0x1C, 0x00, 0x0F, 0xF8, 0x00, 0x07, 0xE0, 0x00, 0x00, 0x00, 0x00,
    0x00, 0x00, 0x00, 0x00, 0x00, 0x00, 0x00, 0x00, 0x00, 0x00, 0x00, 0x00, 0x30, 0x18, 0x00, 0x30,
    0x18, 0x00, 0x30, 0x18, 0x00, 0x30, 0x18, 0x00, 0x30, 0x18, 0x00, 0x30, 0x18, 0x00, 0x3F, 0xF8,
    0x00, 0x3F, 0xF8, 0x00, 0x30, 0x18, 0x00, 0x30, 0x18, 0x00, 0x30, 0x18, 0x00, 0x30, 0x18, 0x00,
    0x30, 0x18, 0x00, 0x30, 0x18, 0x00, 0x30, 0x18, 0x00, 0x00, 0x00, 0x00, 0x00, 0x00, 0x00, 0x00,
    0x00, 0x00, 0x00, 0x00, 0x00, 0x00, 0x00, 0x00, 0x30, 0x00, 0x00, 0x30, 0x00, 0x00, 0x30, 0x00,
    0x00, 0x30, 0x00, 0x00, 0x30, 0x00, 0x00, 0x30, 0x00, 0x00, 0x30, 0x00, 0x00, 0x30, 0x00, 0x00,
    0x30, 0x00, 0x00, 0x30, 0x00, 0x00, 0x30, 0x00, 0x00, 0x30, 0x00, 0x00, 0x30, 0x00, 0x00, 0x30,
    0x00, 0x00, 0x30, 0x00, 0x00, 0x00, 0x00, 0x00, 0x00, 0x00, 0x00, 0x00, 0x00, 0x00, 0x00, 0x00,
    0x00, 0x00, 0x00, 0x00, 0x0C, 0x00, 0x00, 0x0C, 0x00, 0x00, 0x0C, 0x00, 0x00, 0x0C, 0x00, 0x00,
    0x0C, 0x00, 0x00, 0x0C, 0x00, 0x00, 0x0C, 0x00, 0x00, 0x0C, 0x00, 0x00, 0x0C, 0x00, 0x00, 0x0C,
    0x00, 0x00, 0x0C, 0x00, 0x00, 0x0C, 0x00, 0x00, 0x0C, 0x00, 0x00, 0x0C, 0x00, 0x00, 0x0C, 0x00,
    0x00, 0x0C, 0x00, 0x00, 0x00, 0x00, 0x00, 0x00, 0x00, 0x00, 0x00, 0x00, 0x00, 0x00, 0x00, 0x00,
    0x30, 0x38, 0x00, 0x30, 0x60, 0x00, 0x30, 0xC0, 0x00, 0x31, 0x80, 0x00, 0x33, 0x00, 0x00, 0x36,
    0x00, 0x00, 0x3C, 0x00, 0x00, 0x3C, 0x00, 0x00, 0x36, 0x00, 0x00, 0x33, 0x00, 0x00, 0x31, 0x80,
    0x00, 0x30, 0xC0, 0x00, 0x30, 0x60, 0x00, 0x30, 0x70, 0x00, 0x30, 0x38, 0x00, 0x00, 0x00, 0x00,
    0x00, 0x00, 0x00, 0x00, 0x00, 0x00, 0x00, 0x00, 0x00, 0x00, 0x00, 0x00, 0x30, 0x00, 0x00, 0x30,
    0x00, 0x00, 0x30, 0x00, 0x00, 0x30, 0x00, 0x00, 0x30, 0x00, 0x00, 0x30, 0x00, 0x00, 0x30, 0x00,
    0x00, 0x30, 0x00, 0x00, 0x30, 0x00, 0x00, 0x30, 0x00, 0x00, 0x30, 0x00, 0x00, 0x30, 0x00, 0x00,
    0x30, 0x00, 0x00, 0x3F, 0xE0, 0x00, 0x3F, 0xE0, 0x00, 0x00, 0x00, 0x00, 0x00, 0x00, 0x00, 0x00,
    0x00, 0x00, 0x00, 0x00, 0x00, 0x00, 0x00, 0x00, 0x38, 0x0E, 0x00, 0x38, 0x0E, 0x00, 0x3C, 0x1E,
    0x00, 0x3C, 0x1E, 0x00, 0x36, 0x16, 0x00, 0x36, 0x36, 0x00, 0x32, 0x36, 0x00, 0x33, 0x26, 0x00,
    0x33, 0x66, 0x00, 0x31, 0xE6, 0x00, 0x31, 0xC6, 0x00, 0x31, 0xC6, 0x00, 0x30, 0x06, 0x00, 0x30,
    0x06, 0x00, 0x30, 0x06, 0x00, 0x00, 0x00, 0x00, 0x00, 0x00, 0x00, 0x00, 0x00, 0x00, 0x00, 0x00,
    0x00, 0x00, 0x00, 0x00, 0x38, 0x18, 0x00, 0x38, 0x18, 0x00, 0x3C, 0x18, 0x00, 0x3C, 0x18, 0x00,
    0x36, 0x18, 0x00, 0x36, 0x18, 0x00, 0x33, 0x18, 0x00, 0x33, 0x18, 0x00, 0x31, 0x98, 0x00, 0x30,
    0xD8, 0x00, 0x30, 0xD8, 0x00, 0x30, 0x78, 0x00, 0x30, 0x78, 0x00, 0x30, 0x38, 0x00, 0x30, 0x38,
    0x00, 0x00, 0x00, 0x00, 0x00, 0x00, 0x00, 0x00, 0x00, 0x00, 0x00, 0x00, 0x00, 0x00, 0x00, 0x00,
    0x07, 0xE0, 0x00, 0x0F, 0xF0, 0x00, 0x1C, 0x38, 0x00, 0x38, 0x1C, 0x00, 0x30, 0x0C, 0x00, 0x60,
    0x0C, 0x00, 0x60, 0x0E, 0x00, 0x60, 0x06, 0x00, 0x60, 0x0E, 0x00, 0x60, 0x0C, 0x00, 0x30, 0x0C,
    0x00, 0x30, 0x1C, 0x00, 0x1C, 0x38, 0x00, 0x0F, 0xF0, 0x00, 0x07, 0xE0, 0x00, 0x00, 0x00, 0x00,
    0x00, 0x00, 0x00, 0x00, 0x00, 0x00, 0x00, 0x00, 0x00, 0x00, 0x00, 0x00, 0x3F, 0x80, 0x00, 0x3F,
    0xC0, 0x00, 0x30, 0xE0, 0x00, 0x30, 0x60, 0x00, 0x30, 0x60, 0x00, 0x30, 0x60, 0x00, 0x30, 0xE0,
    0x00, 0x3F, 0xC0, 0x00, 0x3F, 0x80, 0x00, 0x30, 0x00, 0x00, 0x30, 0x00, 0x00, 0x30, 0x00, 0x00,
    0x30, 0x00, 0x00, 0x30, 0x00, 0x00, 0x30, 0x00, 0x00, 0x00, 0x00, 0x00, 0x00, 0x00, 0x00, 0x00,
    0x00, 0x00, 0x00, 0x00, 0x00, 0x00, 0x00, 0x00, 0x07, 0xE0, 0x00, 0x0F, 0xF0, 0x00, 0x1C, 0x38,
    0x00, 0x38, 0x1C, 0x00, 0x30, 0x0C, 0x00, 0x60, 0x0C, 0x00, 0x60, 0x0E, 0x00, 0x60, 0x06, 0x00,
    0x60, 0x0E, 0x00, 0x60, 0x0C, 0x00, 0x30, 0x0C, 0x00, 0x30, 0x1C, 0x00, 0x1C, 0x38, 0x00, 0x0F,
    0xF0, 0x00, 0x07, 0xE0, 0x00, 0x00, 0x60, 0x00, 0x00, 0x00, 0x00, 0x00, 0x00, 0x00, 0x00, 0x00,
    0x00, 0x00, 0x00, 0x00, 0x3F, 0x80, 0x00, 0x3F, 0xE0, 0x00, 0x30, 0xE0, 0x00, 0x30, 0x60, 0x00,
    0x30, 0x60, 0x00, 0x30, 0xE0, 0x00, 0x3F, 0xC0, 0x00, 0x3F, 0x80, 0x00, 0x30, 0xC0, 0x00, 0x30,
    0x60, 0x00, 0x30, 0x60, 0x00, 0x30, 0x30, 0x00, 0x30, 0x30, 0x00, 0x30, 0x18, 0x00, 0x30, 0x18,
    0x00, 0x00, 0x00, 0x00, 0x00, 0x00, 0x00, 0x00, 0x00, 0x00, 0x00, 0x00, 0x00, 0x00, 0x00, 0x00,
    0x0F, 0x80, 0x00, 0x3F, 0xE0, 0x00, 0x30, 0x60, 0x00, 0x70, 0x00, 0x00, 0x60, 0x00, 0x00, 0x30,
    0x00, 0x00, 0x3E, 0x00, 0x00, 0x1F, 0xC0, 0x00, 0x01, 0xE0, 0x00, 0x00, 0x60, 0x00, 0x00, 0x70,
    0x00, 0x00, 0x70, 0x00, 0x60, 0xE0, 0x00, 0x7F, 0xE0, 0x00, 0x1F, 0x80, 0x00, 0x00, 0x00, 0x00,
    0x00, 0x00, 0x00, 0x00, 0x00, 0x00, 0x00, 0x00, 0x00, 0x00, 0x00, 0x00, 0x7F, 0xF8, 0x00, 0x7F,
    0xF8, 0x00, 0x03, 0x00, 0x00, 0x03, 0x00, 0x00, 0x03, 0x00, 0x00, 0x03, 0x00, 0x00, 0x03, 0x00,
    0x00, 0x03, 0x00, 0x00, 0x03, 0x00, 0x00, 0x03, 0x00, 0x00, 0x03, 0x00, 0x00, 0x03, 0x00, 0x00,
    0x03, 0x00, 0x00, 0x03, 0x00, 0x00, 0x03, 0x00, 0x00, 0x00, 0x00, 0x00, 0x00, 0x00, 0x00, 0x00,
    0x00, 0x00, 0x00, 0x00, 0x00, 0x00, 0x00, 0x00, 0x30, 0x18, 0x00, 0x30, 0x18, 0x00, 0x30, 0x18,
    0x00, 0x30, 0x18, 0x00, 0x30, 0x18, 0x00, 0x30, 0x18, 0x00, 0x30, 0x18, 0x00, 0x30, 0x18, 0x00,
    0x30, 0x18, 0x00, 0x30, 0x18, 0x00, 0x30, 0x18, 0x00, 0x30, 0x38, 0x00, 0x38, 0x70, 0x00, 0x1F,
    0xE0, 0x00, 0x07, 0xC0, 0x00, 0x00, 0x00, 0x00, 0x00, 0x00, 0x00, 0x00, 0x00, 0x00, 0x00, 0x00,
    0x00, 0x00, 0x00, 0x00, 0xC0, 0x18, 0x00, 0x60, 0x18, 0x00, 0x60, 0x18, 0x00, 0x70, 0x30, 0x00,
    0x30, 0x30, 0x00, 0x30, 0x60, 0x00, 0x18, 0x60, 0x00, 0x18, 0x60, 0x00, 0x18, 0xC0, 0x00, 0x0C,
    0xC0, 0x00, 0x0C, 0xC0, 0x00, 0x0D, 0x80, 0x00, 0x07, 0x80, 0x00, 0x07, 0x80, 0x00, 0x03, 0x00,
    0x00, 0x00, 0x00, 0x00, 0x00, 0x00, 0x00, 0x00, 0x00, 0x00, 0x00, 0x00, 0x00, 0x00, 0x00, 0x00,
    0x60, 0x60, 0x60, 0x60, 0xE0, 0x60, 0x60, 0xF0, 0x60, 0x30, 0xF0, 0xC0, 0x30, 0xB0, 0xC0, 0x31,
    0x90, 0xC0, 0x31, 0x98, 0xC0, 0x31, 0x99, 0x80, 0x19, 0x19, 0x80, 0x1B, 0x09, 0x80, 0x1B, 0x0D,
    0x80, 0x1B, 0x0F, 0x00, 0x0E, 0x0F, 0x00, 0x0E, 0x07, 0x00, 0x0E, 0x07, 0x00, 0x00, 0x00, 0x00,
    0x00, 0x00, 0x00, 0x00, 0x00, 0x00, 0x00, 0x00, 0x00, 0x00, 0x00, 0x00, 0x30, 0x30, 0x00, 0x30,
    0x30, 0x00, 0x18, 0x60, 0x00, 0x0C, 0xC0, 0x00, 0x0C, 0xC0, 0x00, 0x07, 0x80, 0x00, 0x07, 0x00,
    0x00, 0x03, 0x00, 0x00, 0x07, 0x80, 0x00, 0x0D, 0xC0, 0x00, 0x0C, 0xC0, 0x00, 0x18, 0x60, 0x00,
    0x30, 0x60, 0x00, 0x30, 0x30, 0x00, 0x60, 0x18, 0x00, 0x00, 0x00, 0x00, 0x00, 0x00, 0x00, 0x00,
    0x00, 0x00, 0x00, 0x00, 0x00, 0x00, 0x00, 0x00, 0x60, 0x18, 0x00, 0x30, 0x30, 0x00, 0x18, 0x30,
    0x00, 0x18, 0x60, 0x00, 0x0C, 0xC0, 0x00, 0x06, 0xC0, 0x00, 0x07, 0x80, 0x00, 0x03, 0x00, 0x00,
    0x03, 0x00, 0x00, 0x03, 0x00, 0x00, 0x03, 0x00, 0x00, 0x03, 0x00, 0x00, 0x03, 0x00, 0x00, 0x03,
    0x00, 0x00, 0x03, 0x00, 0x00, 0x00, 0x00, 0x00, 0x00, 0x00, 0x00, 0x00, 0x00, 0x00, 0x00, 0x00,
    0x00, 0x00, 0x00, 0x00, 0x7F, 0xF8, 0x00, 0x7F, 0xF0, 0x00, 0x00, 0x30, 0x00, 0x00, 0x60, 0x00,
    0x00, 0xC0, 0x00, 0x01, 0x80, 0x00, 0x01, 0x80, 0x00, 0x03, 0x00, 0x00, 0x06, 0x00, 0x00, 0x0C,
    0x00, 0x00, 0x18, 0x00, 0x00, 0x38, 0x00, 0x00, 0x30, 0x00, 0x00, 0x7F, 0xF8, 0x00, 0x7F, 0xF8,
    0x00, 0x00, 0x00, 0x00, 0x00, 0x00, 0x00, 0x00, 0x00, 0x00, 0x00, 0x00, 0x00, 0x00, 0x00, 0x00,
    0x3C, 0x00, 0x00, 0x3C, 0x00, 0x00, 0x30, 0x00, 0x00, 0x30, 0x00, 0x00, 0x30, 0x00, 0x00, 0x30,
    0x00, 0x00, 0x30, 0x00, 0x00, 0x30, 0x00, 0x00, 0x30, 0x00, 0x00, 0x30, 0x00, 0x00, 0x30, 0x00,
    0x00, 0x30, 0x00, 0x00, 0x30, 0x00, 0x00, 0x30, 0x00, 0x00, 0x30, 0x00, 0x00, 0x30, 0x00, 0x00,
    0x00, 0x00, 0x00, 0x00, 0x00, 0x00, 0x00, 0x00, 0x00, 0x00, 0x00, 0x00, 0xC0, 0x00, 0x00, 0xC0,
    0x00, 0x00, 0x40, 0x00, 0x00, 0x60, 0x00, 0x00, 0x60, 0x00, 0x00, 0x20, 0x00, 0x00, 0x30, 0x00,
    0x00, 0x30, 0x00, 0x00, 0x10, 0x00, 0x00, 0x18, 0x00, 0x00, 0x18, 0x00, 0x00, 0x08, 0x00, 0x00,
    0x0C, 0x00, 0x00, 0x0C, 0x00, 0x00, 0x04, 0x00, 0x00, 0x06, 0x00, 0x00, 0x00, 0x00, 0x00, 0x00,
    0x00, 0x00, 0x00, 0x00, 0x00, 0x00, 0x00, 0x00, 0x3C, 0x00, 0x00, 0x3C, 0x00, 0x00, 0x0C, 0x00,
    0x00, 0x0C, 0x00, 0x00, 0x0C, 0x00, 0x00, 0x0C, 0x00, 0x00, 0x0C, 0x00, 0x00, 0x0C, 0x00, 0x00,
    0x0C, 0x00, 0x00, 0x0C, 0x00, 0x00, 0x0C, 0x00, 0x00, 0x0C, 0x00, 0x00, 0x0C, 0x00, 0x00, 0x0C,
    0x00, 0x00, 0x0C, 0x00, 0x00, 0x0C, 0x00, 0x00, 0x00, 0x00, 0x00, 0x00, 0x00, 0x00, 0x00, 0x00,
    0x00, 0x00, 0x00, 0x00, 0x01, 0xC0, 0x00, 0x03, 0xE0, 0x00, 0x06, 0x30, 0x00, 0x0C, 0x18, 0x00,
    0x18, 0x0C, 0x00, 0x00, 0x00, 0x00, 0x00, 0x00, 0x00, 0x00, 0x00, 0x00, 0x00, 0x00, 0x00, 0x00,
    0x00, 0x00, 0x00, 0x00, 0x00, 0x00, 0x00, 0x00, 0x00, 0x00, 0x00, 0x00, 0x00, 0x00, 0x00, 0x00,
    0x00, 0x00, 0x00, 0x00, 0x00, 0x00, 0x00, 0x00, 0x00, 0x00, 0x00, 0x00, 0x00, 0x00, 0x00, 0x00,
    0x00, 0x00, 0x00, 0x00, 0x00, 0x00, 0x00, 0x00, 0x00, 0x00, 0x00, 0x00, 0x00, 0x00, 0x00, 0x00,
    0x00, 0x00, 0x00, 0x00, 0x00, 0x00, 0x00, 0x00, 0x00, 0x00, 0x00, 0x00, 0x00, 0x00, 0x00, 0x00,
    0x00, 0x00, 0x00, 0x00, 0x00, 0x00, 0x00, 0x00, 0x00, 0x00, 0x00, 0x00, 0x00, 0x00, 0x00, 0x00,
    0x00, 0x00, 0x00, 0x00, 0x00, 0x00, 0x00, 0x00, 0x00, 0x30, 0x00, 0x00, 0x18, 0x00, 0x00, 0x08,
    0x00, 0x00, 0x0C, 0x00, 0x00, 0x00, 0x00, 0x00, 0x00, 0x00, 0x00, 0x00, 0x00, 0x00, 0x00, 0x00,
    0x00, 0x00, 0x00, 0x00, 0x00, 0x00, 0x00, 0x00, 0x00, 0x00, 0x00, 0x00, 0x00, 0x00, 0x00, 0x00,
    0x00, 0x00, 0x00, 0x00, 0x00, 0x00, 0x00, 0x00, 0x00, 0x00, 0x00, 0x00, 0x00, 0x00, 0x00, 0x00,
    0x00, 0x00, 0x00, 0x00, 0x00, 0x00, 0x00, 0x00, 0x00, 0x00, 0x00, 0x00, 0x00, 0x00, 0x00, 0x00,
    0x00, 0x00, 0x00, 0x00, 0x1F, 0x00, 0x00, 0x3F, 0x80, 0x00, 0x20, 0xC0, 0x00, 0x00, 0x40, 0x00,
    0x1F, 0xC0, 0x00, 0x3F, 0xC0, 0x00, 0x70, 0x40, 0x00, 0x60, 0xC0, 0x00, 0x71, 0xC0, 0x00, 0x3F,
    0xC0, 0x00, 0x1E, 0x40, 0x00, 0x00, 0x00, 0x00, 0x00, 0x00, 0x00, 0x00, 0x00, 0x00, 0x00, 0x00,
    0x00, 0x00, 0x00, 0x00, 0x30, 0x00, 0x00, 0x30, 0x00, 0x00, 0x30, 0x00, 0x00, 0x30, 0x00, 0x00,
    0x37, 0x80, 0x00, 0x3F, 0xC0, 0x00, 0x38, 0xE0, 0x00, 0x30, 0x60, 0x00, 0x30, 0x30, 0x00, 0x30,
    0x30, 0x00, 0x30, 0x30, 0x00, 0x30, 0x60, 0x00, 0x38, 0xE0, 0x00, 0x3F, 0xC0, 0x00, 0x37, 0x80,
    0x00, 0x00, 0x00, 0x00, 0x00, 0x00, 0x00, 0x00, 0x00, 0x00, 0x00, 0x00, 0x00, 0x00, 0x00, 0x00,
    0x00, 0x00, 0x00, 0x00, 0x00, 0x00, 0x00, 0x00, 0x00, 0x00, 0x00, 0x00, 0x0F, 0x80, 0x00, 0x1F,
    0xC0, 0x00, 0x38, 0x40, 0x00, 0x70, 0x00, 0x00, 0x60, 0x00, 0x00, 0x60, 0x00, 0x00, 0x60, 0x00,
    0x00, 0x70, 0x00, 0x00, 0x38, 0x40, 0x00, 0x1F, 0xC0, 0x00, 0x0F, 0x80, 0x00, 0x00, 0x00, 0x00,
    0x00, 0x00, 0x00, 0x00, 0x00, 0x00, 0x00, 0x00, 0x00, 0x00, 0x00, 0x00, 0x00, 0x60, 0x00, 0x00,
    0x60, 0x00, 0x00, 0x60, 0x00, 0x00, 0x60, 0x00, 0x0F, 0x60, 0x00, 0x3F, 0xE0, 0x00, 0x30, 0xE0,
    0x00, 0x60, 0x60, 0x00, 0x60, 0x60, 0x00, 0x60, 0x60, 0x00, 0x60, 0x60, 0x00, 0x60, 0x60, 0x00,
    0x30, 0xE0, 0x00, 0x3F, 0xE0, 0x00, 0x0F, 0x60, 0x00, 0x00, 0x00, 0x00, 0x00, 0x00, 0x00, 0x00,
    0x00, 0x00, 0x00, 0x00, 0x00, 0x00, 0x00, 0x00, 0x00, 0x00, 0x00, 0x00, 0x00, 0x00, 0x00, 0x00,
    0x00, 0x00, 0x00, 0x00, 0x0F, 0x80, 0x00, 0x1F, 0xC0, 0x00, 0x30, 0xE0, 0x00, 0x60, 0x60, 0x00,
    0x7F, 0xE0, 0x00, 0x7F, 0xE0, 0x00, 0x60, 0x00, 0x00, 0x70, 0x00, 0x00, 0x38, 0x20, 0x00, 0x1F,
    0xE0, 0x00, 0x0F, 0xC0, 0x00, 0x00, 0x00, 0x00, 0x00, 0x00, 0x00, 0x00, 0x00, 0x00, 0x00, 0x00,
    0x00, 0x00, 0x00, 0x00, 0x0E, 0x00, 0x00, 0x1E, 0x00, 0x00, 0x30, 0x00, 0x00, 0x30, 0x00, 0x00,
    0xFE, 0x00, 0x00, 0xFE, 0x00, 0x00, 0x30, 0x00, 0x00, 0x30, 0x00, 0x00, 0x30, 0x00, 0x00, 0x30,
    0x00, 0x00, 0x30, 0x00, 0x00, 0x30, 0x00, 0x00, 0x30, 0x00, 0x00, 0x30, 0x00, 0x00, 0x30, 0x00,
    0x00, 0x00, 0x00, 0x00, 0x00, 0x00, 0x00, 0x00, 0x00, 0x00, 0x00, 0x00, 0x00, 0x00, 0x00, 0x00,
    0x00, 0x00, 0x00, 0x00, 0x00, 0x00, 0x00, 0x00, 0x00, 0x00, 0x00, 0x00, 0x0F, 0x60, 0x00, 0x3F,
    0xE0, 0x00, 0x30, 0xE0, 0x00, 0x60, 0x60, 0x00, 0x60, 0x60, 0x00, 0x60, 0x60, 0x00, 0x60, 0x60,
    0x00, 0x60, 0x60, 0x00, 0x30, 0xE0, 0x00, 0x3F, 0xE0, 0x00, 0x0F, 0x60, 0x00, 0x00, 0x60, 0x00,
    0x00, 0x00, 0x00, 0x00, 0x00, 0x00, 0x00, 0x00, 0x00, 0x00, 0x00, 0x00, 0x30, 0x00, 0x00, 0x30,
    0x00, 0x00, 0x30, 0x00, 0x00, 0x30, 0x00, 0x00, 0x37, 0x80, 0x00, 0x3F, 0xC0, 0x00, 0x38, 0xE0,
    0x00, 0x30, 0x60, 0x00, 0x30, 0x60, 0x00, 0x30, 0x60, 0x00, 0x30, 0x60, 0x00, 0x30, 0x60, 0x00,
    0x30, 0x60, 0x00, 0x30, 0x60, 0x00, 0x30, 0x60, 0x00, 0x00, 0x00, 0x00, 0x00, 0x00, 0x00, 0x00,
    0x00, 0x00, 0x00, 0x00, 0x00, 0x00, 0x00, 0x00, 0x30, 0x00, 0x00, 0x30, 0x00, 0x00, 0x00, 0x00,
    0x00, 0x00, 0x00, 0x00, 0x30, 0x00, 0x00, 0x30, 0x00, 0x00, 0x30, 0x00, 0x00, 0x30, 0x00, 0x00,
    0x30, 0x00, 0x00, 0x30, 0x00, 0x00, 0x30, 0x00, 0x00, 0x30, 0x00, 0x00, 0x30, 0x00, 0x00, 0x30,
    0x00, 0x00, 0x30, 0x00, 0x00, 0x00, 0x00, 0x00, 0x00, 0x00, 0x00, 0x00, 0x00, 0x00, 0x00, 0x00,
    0x00, 0x00, 0x00, 0x00, 0x18, 0x00, 0x00, 0x18, 0x00, 0x00, 0x00, 0x00, 0x00, 0x00, 0x00, 0x00,
    0x18, 0x00, 0x00, 0x18, 0x00, 0x00, 0x18, 0x00, 0x00, 0x18, 0x00, 0x00, 0x18, 0x00, 0x00, 0x18,
    0x00, 0x00, 0x18, 0x00, 0x00, 0x18, 0x00, 0x00, 0x18, 0x00, 0x00, 0x18, 0x00, 0x00, 0x18, 0x00,
    0x00, 0x18, 0x00, 0x00, 0x00, 0x00, 0x00, 0x00, 0x00, 0x00, 0x00, 0x00, 0x00, 0x00, 0x00, 0x00,
    0x30, 0x00, 0x00, 0x30, 0x00, 0x00, 0x30, 0x00, 0x00, 0x30, 0x00, 0x00, 0x30, 0xE0, 0x00, 0x31,
    0xC0, 0x00, 0x33, 0x00, 0x00, 0x36, 0x00, 0x00, 0x3C, 0x00, 0x00, 0x3C, 0x00, 0x00, 0x36, 0x00,
    0x00, 0x33, 0x00, 0x00, 0x31, 0x80, 0x00, 0x30, 0xC0, 0x00, 0x30, 0x60, 0x00, 0x00, 0x00, 0x00,
    0x00, 0x00, 0x00, 0x00, 0x00, 0x00, 0x00, 0x00, 0x00, 0x00, 0x00, 0x00, 0x30, 0x00, 0x00, 0x30,
    0x00, 0x00, 0x30, 0x00, 0x00, 0x30, 0x00, 0x00, 0x30, 0x00, 0x00, 0x30, 0x00, 0x00, 0x30, 0x00,
    0x00, 0x30, 0x00, 0x00, 0x30, 0x00, 0x00, 0x30, 0x00, 0x00, 0x30, 0x00, 0x00, 0x30, 0x00, 0x00,
    0x30, 0x00, 0x00, 0x30, 0x00, 0x00, 0x30, 0x00, 0x00, 0x00, 0x00, 0x00, 0x00, 0x00, 0x00, 0x00,
    0x00, 0x00, 0x00, 0x00, 0x00, 0x00, 0x00, 0x00, 0x00, 0x00, 0x00, 0x00, 0x00, 0x00, 0x00, 0x00,
    0x00, 0x00, 0x00, 0x00, 0x37, 0x8F, 0x00, 0x3F, 0xDF, 0x80, 0x38, 0xF1, 0x80, 0x30, 0x60, 0xC0,
    0x30, 0x60, 0xC0, 0x30, 0x60, 0xC0, 0x30, 0x60, 0xC0, 0x30, 0x60, 0xC0, 0x30, 0x60, 0xC0, 0x30,
    0x60, 0xC0, 0x30, 0x60, 0xC0, 0x00, 0x00, 0x00, 0x00, 0x00, 0x00, 0x00, 0x00, 0x00, 0x00, 0x00,
    0x00, 0x00, 0x00, 0x00, 0x00, 0x00, 0x00, 0x00, 0x00, 0x00, 0x00, 0x00, 0x00, 0x00, 0x00, 0x00,
    0x37, 0x80, 0x00, 0x3F, 0xC0, 0x00, 0x38, 0xE0, 0x00, 0x30, 0x60, 0x00, 0x30, 0x60, 0x00, 0x30,
    0x60, 0x00, 0x30, 0x60, 0x00, 0x30, 0x60, 0x00, 0x30, 0x60, 0x00, 0x30, 0x60, 0x00, 0x30, 0x60,
    0x00, 0x00, 0x00, 0x00, 0x00, 0x00, 0x00, 0x00, 0x00, 0x00, 0x00, 0x00, 0x00, 0x00, 0x00, 0x00,
    0x00, 0x00, 0x00, 0x00, 0x00, 0x00, 0x00, 0x00, 0x00, 0x00, 0x00, 0x00, 0x0F, 0x00, 0x00, 0x3F,
    0xC0, 0x00, 0x30, 0xC0, 0x00, 0x70, 0x60, 0x00, 0x60, 0x60, 0x00, 0x60, 0x60, 0x00, 0x60, 0x60,
    0x00, 0x70, 0x60, 0x00, 0x30, 0xC0, 0x00, 0x3F, 0xC0, 0x00, 0x0F, 0x00, 0x00, 0x00, 0x00, 0x00,
    0x00, 0x00, 0x00, 0x00, 0x00, 0x00, 0x00, 0x00, 0x00, 0x00, 0x00, 0x00, 0x00, 0x00, 0x00, 0x00,
    0x00, 0x00, 0x00, 0x00, 0x00, 0x00, 0x00, 0x00, 0x37, 0x80, 0x00, 0x3F, 0xC0, 0x00, 0x38, 0xE0,
    0x00, 0x30, 0x60, 0x00, 0x30, 0x30, 0x00, 0x30, 0x30, 0x00, 0x30, 0x30, 0x00, 0x30, 0x60, 0x00,
    0x38, 0xE0, 0x00, 0x3F, 0xC0, 0x00, 0x37, 0x80, 0x00, 0x30, 0x00, 0x00, 0x00, 0x00, 0x00, 0x00,
    0x00, 0x00, 0x00, 0x00, 0x00, 0x00, 0x00, 0x00, 0x00, 0x00, 0x00, 0x00, 0x00, 0x00, 0x00, 0x00,
    0x00, 0x00, 0x00, 0x00, 0x0F, 0x60, 0x00, 0x3F, 0xE0, 0x00, 0x30, 0xE0, 0x00, 0x60, 0x60, 0x00,
    0x60, 0x60, 0x00, 0x60, 0x60, 0x00, 0x60, 0x60, 0x00, 0x60, 0x60, 0x00, 0x30, 0xE0, 0x00, 0x3F,
    0xE0, 0x00, 0x0F, 0x60, 0x00, 0x00, 0x60, 0x00, 0x00, 0x00, 0x00, 0x00, 0x00, 0x00, 0x00, 0x00,
    0x00, 0x00, 0x00, 0x00, 0x00, 0x00, 0x00, 0x00, 0x00, 0x00, 0x00, 0x00, 0x00, 0x00, 0x00, 0x00,
    0x37, 0x00, 0x00, 0x3F, 0x00, 0x00, 0x38, 0x00, 0x00, 0x30, 0x00, 0x00, 0x30, 0x00, 0x00, 0x30,
    0x00, 0x00, 0x30, 0x00, 0x00, 0x30, 0x00, 0x00, 0x30, 0x00, 0x00, 0x30, 0x00, 0x00, 0x30, 0x00,
    0x00, 0x00, 0x00, 0x00, 0x00, 0x00, 0x00, 0x00, 0x00, 0x00, 0x00, 0x00, 0x00, 0x00, 0x00, 0x00,
    0x00, 0x00, 0x00, 0x00, 0x00, 0x00, 0x00, 0x00, 0x00, 0x00, 0x00, 0x00, 0x1F, 0x00, 0x00, 0x3F,
    0x80, 0x00, 0x60, 0x80, 0x00, 0x60, 0x00, 0x00, 0x30, 0x00, 0x00, 0x1F, 0x00, 0x00, 0x01, 0x80,
    0x00, 0x00, 0x80, 0x00, 0x41, 0x80, 0x00, 0x7F, 0x80, 0x00, 0x3F, 0x00, 0x00, 0x00, 0x00, 0x00,
    0x00, 0x00, 0x00, 0x00, 0x00, 0x00, 0x00, 0x00, 0x00, 0x00, 0x00, 0x00, 0x00, 0x00, 0x00, 0x30,
    0x00, 0x00, 0x30, 0x00, 0x00, 0x30, 0x00, 0x00, 0x7E, 0x00, 0x00, 0x7E, 0x00, 0x00, 0x30, 0x00,
    0x00, 0x30, 0x00, 0x00, 0x30, 0x00, 0x00, 0x30, 0x00, 0x00, 0x30, 0x00, 0x00, 0x30, 0x00, 0x00,
    0x30, 0x00, 0x00, 0x3E, 0x00, 0x00, 0x1E, 0x00, 0x00, 0x00, 0x00, 0x00, 0x00, 0x00, 0x00, 0x00,
    0x00, 0x00, 0x00, 0x00, 0x00, 0x00, 0x00, 0x00, 0x00, 0x00, 0x00, 0x00, 0x00, 0x00, 0x00, 0x00,
    0x00, 0x00, 0x00, 0x00, 0x30, 0x60, 0x00, 0x30, 0x60, 0x00, 0x30, 0x60, 0x00, 0x30, 0x60, 0x00,
    0x30, 0x60, 0x00, 0x30, 0x60, 0x00, 0x30, 0x60, 0x00, 0x30, 0x60, 0x00, 0x30, 0xE0, 0x00, 0x3F,
    0xE0, 0x00, 0x0E, 0x60, 0x00, 0x00, 0x00, 0x00, 0x00, 0x00, 0x00, 0x00, 0x00, 0x00, 0x00, 0x00,
    0x00, 0x00, 0x00, 0x00, 0x00, 0x00, 0x00, 0x00, 0x00, 0x00, 0x00, 0x00, 0x00, 0x00, 0x00, 0x00,
    0x60, 0x60, 0x00, 0x60, 0x60, 0x00, 0x20, 0xC0, 0x00, 0x30, 0xC0, 0x00, 0x30, 0xC0, 0x00, 0x19,
    0x80, 0x00, 0x19, 0x80, 0x00, 0x19, 0x00, 0x00, 0x0F, 0x00, 0x00, 0x0F, 0x00, 0x00, 0x06, 0x00,
    0x00, 0x00, 0x00, 0x00, 0x00, 0x00, 0x00, 0x00, 0x00, 0x00, 0x00, 0x00, 0x00, 0x00, 0x00, 0x00,
    0x00, 0x00, 0x00, 0x00, 0x00, 0x00, 0x00, 0x00, 0x00, 0x00, 0x00, 0x00, 0x61, 0x82, 0x00, 0x61,
    0xC6, 0x00, 0x63, 0xC6, 0x00, 0x33, 0x46, 0x00, 0x33, 0x44, 0x00, 0x32, 0x6C, 0x00, 0x16, 0x6C,
    0x00, 0x1E, 0x2C, 0x00, 0x1C, 0x38, 0x00, 0x1C, 0x38, 0x00, 0x0C, 0x38, 0x00, 0x00, 0x00, 0x00,
    0x00, 0x00, 0x00, 0x00, 0x00, 0x00, 0x00, 0x00, 0x00, 0x00, 0x00, 0x00, 0x00, 0x00, 0x00, 0x00,
    0x00, 0x00, 0x00, 0x00, 0x00, 0x00, 0x00, 0x00, 0x60, 0xE0, 0x00, 0x30, 0xC0, 0x00, 0x19, 0x80,
    0x00, 0x0F, 0x00, 0x00, 0x0F, 0x00, 0x00, 0x06, 0x00, 0x00, 0x0F, 0x00, 0x00, 0x1B, 0x80, 0x00,
    0x39, 0x80, 0x00, 0x30, 0xC0, 0x00, 0x60, 0x60, 0x00, 0x00, 0x00, 0x00, 0x00, 0x00, 0x00, 0x00,
    0x00, 0x00, 0x00, 0x00, 0x00, 0x00, 0x00, 0x00, 0x00, 0x00, 0x00, 0x00, 0x00, 0x00, 0x00, 0x00,
    0x00, 0x00, 0x00, 0x00, 0x60, 0x60, 0x00, 0x60, 0x60, 0x00, 0x20, 0xC0, 0x00, 0x30, 0xC0, 0x00,
    0x30, 0x80, 0x00, 0x19, 0x80, 0x00, 0x19, 0x80, 0x00, 0x0B, 0x00, 0x00, 0x0F, 0x00, 0x00, 0x06,
    0x00, 0x00, 0x06, 0x00, 0x00, 0x04, 0x00, 0x00, 0x00, 0x00, 0x00, 0x00, 0x00, 0x00, 0x00, 0x00,
    0x00, 0x00, 0x00, 0x00, 0x00, 0x00, 0x00, 0x00, 0x00, 0x00, 0x00, 0x00, 0x00, 0x00, 0x00, 0x00,
    0x7F, 0xC0, 0x00, 0x7F, 0xC0, 0x00, 0x01, 0x80, 0x00, 0x03, 0x00, 0x00, 0x06, 0x00, 0x00, 0x0C,
    0x00, 0x00, 0x08, 0x00, 0x00, 0x10, 0x00, 0x00, 0x20, 0x00, 0x00, 0x7F, 0xC0, 0x00, 0x7F, 0xC0,
    0x00, 0x00, 0x00, 0x00, 0x00, 0x00, 0x00, 0x00, 0x00, 0x00, 0x00, 0x00, 0x00, 0x00, 0x00, 0x00,
    0x01, 0xC0, 0x00, 0x03, 0xC0, 0x00, 0x03, 0x00, 0x00, 0x02, 0x00, 0x00, 0x02, 0x00, 0x00, 0x02,
    0x00, 0x00, 0x06, 0x00, 0x00, 0x06, 0x00, 0x00, 0x3C, 0x00, 0x00, 0x3C, 0x00, 0x00, 0x06, 0x00,
    0x00, 0x06, 0x00, 0x00, 0x02, 0x00, 0x00, 0x02, 0x00, 0x00, 0x02, 0x00, 0x00, 0x03, 0x00, 0x00,
    0x00, 0x00, 0x00, 0x00, 0x00, 0x00, 0x00, 0x00, 0x00, 0x00, 0x00, 0x00, 0x10, 0x00, 0x00, 0x10,
    0x00, 0x00, 0x10, 0x00, 0x00, 0x10, 0x00, 0x00, 0x10, 0x00, 0x00, 0x10, 0x00, 0x00, 0x10, 0x00,
    0x00, 0x10, 0x00, 0x00, 0x10, 0x00, 0x00, 0x10, 0x00, 0x00, 0x10, 0x00, 0x00, 0x10, 0x00, 0x00,
    0x10, 0x00, 0x00, 0x10, 0x00, 0x00, 0x10, 0x00, 0x00, 0x10, 0x00, 0x00, 0x00, 0x00, 0x00, 0x00,
    0x00, 0x00, 0x00, 0x00, 0x00, 0x00, 0x00, 0x00, 0x3C, 0x00, 0x00, 0x3E, 0x00, 0x00, 0x06, 0x00,
    0x00, 0x06, 0x00, 0x00, 0x06, 0x00, 0x00, 0x06, 0x00, 0x00, 0x06, 0x00, 0x00, 0x03, 0x00, 0x00,
    0x03, 0xC0, 0x00, 0x03, 0xC0, 0x00, 0x03, 0x00, 0x00, 0x06, 0x00, 0x00, 0x06, 0x00, 0x00, 0x06,
    0x00, 0x00, 0x06, 0x00, 0x00, 0x06, 0x00, 0x00, 0x00, 0x00, 0x00, 0x00, 0x00, 0x00, 0x00, 0x00,
    0x00, 0x00, 0x00, 0x00, 0x00, 0x00, 0x00, 0x00, 0x00, 0x00, 0x00, 0x00, 0x00, 0x00, 0x00, 0x00,
    0x00, 0x00, 0x00, 0x00, 0x00, 0x00, 0x00, 0x00, 0x00, 0x0F, 0x86, 0x00, 0x3F, 0xFE, 0x00, 0x30,
    0xF8, 0x00, 0x00, 0x00, 0x00, 0x00, 0x00, 0x00, 0x00, 0x00, 0x00, 0x00, 0x00, 0x00, 0x00, 0x00,
    0x00, 0x00, 0x00, 0x00,
};
static const uint8_t aurora_font_20_widths[] = {
    0x06, 0x08, 0x09, 0x11, 0x0D, 0x13, 0x10, 0x06, 0x08, 0x08, 0x0A, 0x11, 0x06, 0x07, 0x06, 0x07, 0x0D, 0x0D, 0x0D, 0x0D, 0x0D, 0x0D, 0x0D, 0x0D, 0x0D, 0x0D, 0x07, 0x07, 0x11, 0x11, 0x11, 0x0B, 0x14, 0x0E, 0x0E, 0x0E, 0x0F, 0x0D, 0x0C, 0x10, 0x0F, 0x06, 0x06, 0x0D, 0x0B, 0x11, 0x0F, 0x10, 0x0C, 0x10, 0x0E, 0x0D, 0x0C, 0x0F, 0x0E, 0x14, 0x0E, 0x0C, 0x0E, 0x08, 0x07, 0x08, 0x11, 0x0A, 0x0A, 0x0C, 0x0D, 0x0B, 0x0D, 0x0C, 0x07, 0x0D, 0x0D, 0x06, 0x06, 0x0C, 0x06, 0x13, 0x0D, 0x0C, 0x0D, 0x0D, 0x08, 0x0A, 0x08, 0x0D, 0x0C, 0x10, 0x0C, 0x0C, 0x0A, 0x0D, 0x07, 0x0D, 0x11
};
static const uint8_t aurora_font_24_bits[] = {
    0x00, 0x00, 0x00, 0x00, 0x00, 0x00, 0x00, 0x00, 0x00, 0x00, 0x00, 0x00, 0x00, 0x00, 0x00, 0x00,
    0x00, 0x00, 0x00, 0x00, 0x00, 0x00, 0x00, 0x00, 0x00, 0x00, 0x00, 0x00, 0x00, 0x00, 0x00, 0x00,
    0x00, 0x00, 0x00, 0x00, 0x00, 0x00, 0x00, 0x00, 0x00, 0x00, 0x00, 0x00, 0x00, 0x00, 0x00, 0x00,
    0x00, 0x00, 0x00, 0x00, 0x00, 0x00, 0x00, 0x00, 0x00, 0x00, 0x00, 0x00, 0x00, 0x00, 0x00, 0x00,
    0x00, 0x00, 0x00, 0x00, 0x00, 0x00, 0x00, 0x00, 0x00, 0x00, 0x00, 0x00, 0x00, 0x00, 0x00, 0x00,
    0x00, 0x00, 0x00, 0x00, 0x00, 0x00, 0x00, 0x0C, 0x00, 0x00, 0x0C, 0x00, 0x00, 0x0C, 0x00, 0x00,
    0x0C, 0x00, 0x00, 0x0C, 0x00, 0x00, 0x0C, 0x00, 0x00, 0x0C, 0x00, 0x00, 0x0C, 0x00, 0x00, 0x0C,
    0x00, 0x00, 0x0C, 0x00, 0x00, 0x0C, 0x00, 0x00, 0x0C, 0x00, 0x00, 0x00, 0x00, 0x00, 0x00, 0x00,
    0x00, 0x00, 0x00, 0x00, 0x0C, 0x00, 0x00, 0x0C, 0x00, 0x00, 0x0C, 0x00, 0x00, 0x00, 0x00, 0x00,
    0x00, 0x00, 0x00, 0x00, 0x00, 0x00, 0x00, 0x00, 0x00, 0x00, 0x00, 0x00, 0x00, 0x00, 0x00, 0x31,
    0x80, 0x00, 0x31, 0x80, 0x00, 0x31, 0x80, 0x00, 0x31, 0x80, 0x00, 0x31, 0x80, 0x00, 0x31, 0x80,
    0x00, 0x31, 0x80, 0x00, 0x00, 0x00, 0x00, 0x00, 0x00, 0x00, 0x00, 0x00, 0x00, 0x00, 0x00, 0x00,
    0x00, 0x00, 0x00, 0x00, 0x00, 0x00, 0x00, 0x00, 0x00, 0x00, 0x00, 0x00, 0x00, 0x00, 0x00, 0x00,
    0x00, 0x00, 0x00, 0x00, 0x00, 0x00, 0x00, 0x00, 0x00, 0x00, 0x00, 0x00, 0x00, 0x00, 0x00, 0x00,
    0x00, 0x00, 0x00, 0x00, 0x00, 0x00, 0x00, 0x00, 0xC3, 0x00, 0x00, 0xC2, 0x00, 0x00, 0xC6, 0x00,
    0x00, 0xC6, 0x00, 0x00, 0x86, 0x00, 0x1F, 0xFF, 0xC0, 0x1F, 0xFF, 0xC0, 0x01, 0x8C, 0x00, 0x01,
    0x0C, 0x00, 0x03, 0x0C, 0x00, 0x03, 0x18, 0x00, 0x3F, 0xFF, 0x80, 0x3F, 0xFF, 0x80, 0x06, 0x18,
    0x00, 0x06, 0x30, 0x00, 0x06, 0x30, 0x00, 0x06, 0x30, 0x00, 0x0C, 0x30, 0x00, 0x00, 0x00, 0x00,
    0x00, 0x00, 0x00, 0x00, 0x00, 0x00, 0x00, 0x00, 0x00, 0x00, 0x00, 0x00, 0x00, 0x00, 0x00, 0x01,
    0x00, 0x00, 0x01, 0x00, 0x00, 0x01, 0x00, 0x00, 0x07, 0xE0, 0x00, 0x1F, 0xF0, 0x00, 0x39, 0x10,
    0x00, 0x31, 0x00, 0x00, 0x31, 0x00, 0x00, 0x39, 0x00, 0x00, 0x1F, 0x00, 0x00, 0x0F, 0xE0, 0x00,
    0x01, 0xF0, 0x00, 0x01, 0x38, 0x00, 0x01, 0x18, 0x00, 0x01, 0x18, 0x00, 0x31, 0x38, 0x00, 0x3F,
    0xF0, 0x00, 0x0F, 0xE0, 0x00, 0x01, 0x00, 0x00, 0x00, 0x00, 0x00, 0x00, 0x00, 0x00, 0x00, 0x00,
    0x00, 0x00, 0x00, 0x00, 0x00, 0x00, 0x00, 0x1E, 0x00, 0xC0, 0x33, 0x01, 0x80, 0x31, 0x83, 0x00,
    0x61, 0x83, 0x00, 0x61, 0x86, 0x00, 0x61, 0x84, 0x00, 0x61, 0x8C, 0x00, 0x31, 0x98, 0x00, 0x33,
    0x18, 0xE0, 0x1E, 0x33, 0x10, 0x00, 0x23, 0x18, 0x00, 0x62, 0x18, 0x00, 0xC6, 0x08, 0x00, 0xC6,
    0x08, 0x01, 0x82, 0x18, 0x01, 0x03, 0x18, 0x03, 0x03, 0x10, 0x06, 0x00, 0xE0, 0x00, 0x00, 0x00,
    0x00, 0x00, 0x00, 0x00, 0x00, 0x00, 0x00, 0x00, 0x00, 0x00, 0x00, 0x00, 0x00, 0x00, 0x00, 0x03,
    0xE0, 0x00, 0x07, 0xF0, 0x00, 0x0E, 0x10, 0x00, 0x0C, 0x00, 0x00, 0x0C, 0x00, 0x00, 0x0C, 0x00,
    0x00, 0x0E, 0x00, 0x00, 0x0E, 0x00, 0x00, 0x0F, 0x00, 0x00, 0x1B, 0xC1, 0x80, 0x30, 0xE1, 0x80,
    0x30, 0x73, 0x00, 0x30, 0x3B, 0x00, 0x30, 0x1E, 0x00, 0x38, 0x0E, 0x00, 0x3C, 0x1F, 0x00, 0x1F,
    0xF3, 0x80, 0x07, 0xE1, 0xC0, 0x00, 0x00, 0x00, 0x00, 0x00, 0x00, 0x00, 0x00, 0x00, 0x00, 0x00,
    0x00, 0x00, 0x00, 0x00, 0x00, 0x00, 0x00, 0x30, 0x00, 0x00, 0x30, 0x00, 0x00, 0x30, 0x00, 0x00,
    0x30, 0x00, 0x00, 0x30, 0x00, 0x00, 0x30, 0x00, 0x00, 0x30, 0x00, 0x00, 0x00, 0x00, 0x00, 0x00,
    0x00, 0x00, 0x00, 0x00, 0x00, 0x00, 0x00, 0x00, 0x00, 0x00, 0x00, 0x00, 0x00, 0x00, 0x00, 0x00,
    0x00, 0x00, 0x00, 0x00, 0x00, 0x00, 0x00, 0x00, 0x00, 0x00, 0x00, 0x00, 0x00, 0x00, 0x00, 0x00,
    0x00, 0x00, 0x00, 0x00, 0x00, 0x00, 0x00, 0x00, 0x00, 0x00, 0x00, 0x00, 0x00, 0x00, 0x00, 0x06,
    0x00, 0x00, 0x06, 0x00, 0x00, 0x0C, 0x00, 0x00, 0x0C, 0x00, 0x00, 0x18, 0x00, 0x00, 0x18, 0x00,
    0x00, 0x18, 0x00, 0x00, 0x38, 0x00, 0x00, 0x30, 0x00, 0x00, 0x30, 0x00, 0x00, 0x30, 0x00, 0x00,
    0x30, 0x00, 0x00, 0x30, 0x00, 0x00, 0x38, 0x00, 0x00, 0x18, 0x00, 0x00, 0x18, 0x00, 0x00, 0x18,
    0x00, 0x00, 0x0C, 0x00, 0x00, 0x0C, 0x00, 0x00, 0x00, 0x00, 0x00, 0x00, 0x00, 0x00, 0x00, 0x00,
    0x00, 0x00, 0x00, 0x00, 0x00, 0x00, 0x00, 0x30, 0x00, 0x00, 0x18, 0x00, 0x00, 0x18, 0x00, 0x00,
    0x0C, 0x00, 0x00, 0x0C, 0x00, 0x00, 0x0C, 0x00, 0x00, 0x06, 0x00, 0x00, 0x06, 0x00, 0x00, 0x06,
    0x00, 0x00, 0x06, 0x00, 0x00, 0x06, 0x00, 0x00, 0x06, 0x00, 0x00, 0x06, 0x00, 0x00, 0x06, 0x00,
    0x00, 0x06, 0x00, 0x00, 0x0C, 0x00, 0x00, 0x0C, 0x00, 0x00, 0x0C, 0x00, 0x00, 0x18, 0x00, 0x00,
    0x00, 0x00, 0x00, 0x00, 0x00, 0x00, 0x00, 0x00, 0x00, 0x00, 0x00, 0x00, 0x00, 0x00, 0x00, 0x06,
    0x00, 0x00, 0x06, 0x00, 0x00, 0x46, 0x20, 0x00, 0x36, 0xC0, 0x00, 0x0F, 0x00, 0x00, 0x0F, 0x00,
    0x00, 0x36, 0xC0, 0x00, 0x46, 0x20, 0x00, 0x06, 0x00, 0x00, 0x06, 0x00, 0x00, 0x00, 0x00, 0x00,
    0x00, 0x00, 0x00, 0x00, 0x00, 0x00, 0x00, 0x00, 0x00, 0x00, 0x00, 0x00, 0x00, 0x00, 0x00, 0x00,
    0x00, 0x00, 0x00, 0x00, 0x00, 0x00, 0x00, 0x00, 0x00, 0x00, 0x00, 0x00, 0x00, 0x00, 0x00, 0x00,
    0x00, 0x00, 0x00, 0x00, 0x00, 0x00, 0x00, 0x00, 0x00, 0x00, 0x00, 0x00, 0x00, 0x00, 0x60, 0x00,
    0x00, 0x60, 0x00, 0x00, 0x60, 0x00, 0x00, 0x60, 0x00, 0x00, 0x60, 0x00, 0x00, 0x60, 0x00, 0x00,
    0x60, 0x00, 0x1F, 0xFF, 0xC0, 0x1F, 0xFF, 0xC0, 0x00, 0x60, 0x00, 0x00, 0x60, 0x00, 0x00, 0x60,
    0x00, 0x00, 0x60, 0x00, 0x00, 0x60, 0x00, 0x00, 0x60, 0x00, 0x00, 0x60, 0x00, 0x00, 0x00, 0x00,
    0x00, 0x00, 0x00, 0x00, 0x00, 0x00, 0x00, 0x00, 0x00, 0x00, 0x00, 0x00, 0x00, 0x00, 0x00, 0x00,
    0x00, 0x00, 0x00, 0x00, 0x00, 0x00, 0x00, 0x00, 0x00, 0x00, 0x00, 0x00, 0x00, 0x00, 0x00, 0x00,
    0x00, 0x00, 0x00, 0x00, 0x00, 0x00, 0x00, 0x00, 0x00, 0x00, 0x00, 0x00, 0x00, 0x00, 0x00, 0x00,
    0x00, 0x00, 0x00, 0x00, 0x00, 0x00, 0x00, 0x00, 0x00, 0x00, 0x00, 0x00, 0x18, 0x00, 0x00, 0x18,
    0x00, 0x00, 0x18, 0x00, 0x00, 0x38, 0x00, 0x00, 0x00, 0x00, 0x00, 0x00, 0x00, 0x00, 0x00, 0x00,
    0x00, 0x00, 0x00, 0x00, 0x00, 0x00, 0x00, 0x00, 0x00, 0x00, 0x00, 0x00, 0x00, 0x00, 0x00, 0x00,
    0x00, 0x00, 0x00, 0x00, 0x00, 0x00, 0x00, 0x00, 0x00, 0x00, 0x00, 0x00, 0x00, 0x00, 0x00, 0x00,
    0x00, 0x00, 0x00, 0x00, 0x00, 0x7E, 0x00, 0x00, 0x7E, 0x00, 0x00, 0x00, 0x00, 0x00, 0x00, 0x00,
    0x00, 0x00, 0x00, 0x00, 0x00, 0x00, 0x00, 0x00, 0x00, 0x00, 0x00, 0x00, 0x00, 0x00, 0x00, 0x00,
    0x00, 0x00, 0x00, 0x00, 0x00, 0x00, 0x00, 0x00, 0x00, 0x00, 0x00, 0x00, 0x00, 0x00, 0x00, 0x00,
    0x00, 0x00, 0x00, 0x00, 0x00, 0x00, 0x00, 0x00, 0x00, 0x00, 0x00, 0x00, 0x00, 0x00, 0x00, 0x00,
    0x00, 0x00, 0x00, 0x00, 0x00, 0x00, 0x00, 0x00, 0x00, 0x00, 0x00, 0x00, 0x00, 0x00, 0x00, 0x00,
    0x00, 0x00, 0x00, 0x00, 0x00, 0x00, 0x00, 0x00, 0x00, 0x00, 0x00, 0x00, 0x18, 0x00, 0x00, 0x18,
    0x00, 0x00, 0x18, 0x00, 0x00, 0x00, 0x00, 0x00, 0x00, 0x00, 0x00, 0x00, 0x00, 0x00, 0x00, 0x00,
    0x00, 0x00, 0x00, 0x00, 0x00, 0x00, 0x00, 0x03, 0x00, 0x00, 0x03, 0x00, 0x00, 0x06, 0x00, 0x00,
    0x06, 0x00, 0x00, 0x06, 0x00, 0x00, 0x0C, 0x00, 0x00, 0x0C, 0x00, 0x00, 0x0C, 0x00, 0x00, 0x1C,
    0x00, 0x00, 0x18, 0x00, 0x00, 0x18, 0x00, 0x00, 0x18, 0x00, 0x00, 0x30, 0x00, 0x00, 0x30, 0x00,
    0x00, 0x30, 0x00, 0x00, 0x60, 0x00, 0x00, 0x60, 0x00, 0x00, 0x60, 0x00, 0x00, 0xC0, 0x00, 0x00,
    0x00, 0x00, 0x00, 0x00, 0x00, 0x00, 0x00, 0x00, 0x00, 0x00, 0x00, 0x00, 0x00, 0x00, 0x00, 0x07,
    0xC0, 0x00, 0x0F, 0xE0, 0x00, 0x1C, 0x70, 0x00, 0x18, 0x38, 0x00, 0x38, 0x18, 0x00, 0x30, 0x18,
    0x00, 0x30, 0x1C, 0x00, 0x30, 0x1C, 0x00, 0x30, 0x1C, 0x00, 0x30, 0x1C, 0x00, 0x30, 0x1C, 0x00,
    0x30, 0x1C, 0x00, 0x30, 0x18, 0x00, 0x38, 0x18, 0x00, 0x18, 0x38, 0x00, 0x1C, 0x70, 0x00, 0x0F,
    0xE0, 0x00, 0x07, 0xC0, 0x00, 0x00, 0x00, 0x00, 0x00, 0x00, 0x00, 0x00, 0x00, 0x00, 0x00, 0x00,
    0x00, 0x00, 0x00, 0x00, 0x00, 0x00, 0x00, 0x07, 0x80, 0x00, 0x1F, 0x80, 0x00, 0x19, 0x80, 0x00,
    0x01, 0x80, 0x00, 0x01, 0x80, 0x00, 0x01, 0x80, 0x00, 0x01, 0x80, 0x00, 0x01, 0x80, 0x00, 0x01,
    0x80, 0x00, 0x01, 0x80, 0x00, 0x01, 0x80, 0x00, 0x01, 0x80, 0x00, 0x01, 0x80, 0x00, 0x01, 0x80,
    0x00, 0x01, 0x80, 0x00, 0x01, 0x80, 0x00, 0x1F, 0xF8, 0x00, 0x1F, 0xF8, 0x00, 0x00, 0x00, 0x00,
    0x00, 0x00, 0x00, 0x00, 0x00, 0x00, 0x00, 0x00, 0x00, 0x00, 0x00, 0x00, 0x00, 0x00, 0x00, 0x0F,
    0xC0, 0x00, 0x3F, 0xE0, 0x00, 0x30, 0x70, 0x00, 0x00, 0x38, 0x00, 0x00, 0x38, 0x00, 0x00, 0x38,
    0x00, 0x00, 0x38, 0x00, 0x00, 0x30, 0x00, 0x00, 0x70, 0x00, 0x00, 0xE0, 0x00, 0x01, 0xC0, 0x00,
    0x03, 0x80, 0x00, 0x07, 0x00, 0x00, 0x0E, 0x00, 0x00, 0x1C, 0x00, 0x00, 0x38, 0x00, 0x00, 0x3F,
    0xF8, 0x00, 0x3F, 0xF8, 0x00, 0x00, 0x00, 0x00, 0x00, 0x00, 0x00, 0x00, 0x00, 0x00, 0x00, 0x00,
    0x00, 0x00, 0x00, 0x00, 0x00, 0x00, 0x00, 0x0F, 0xC0, 0x00, 0x3F, 0xF0, 0x00, 0x30, 0x70, 0x00,
    0x00, 0x38, 0x00, 0x00, 0x38, 0x00, 0x00, 0x38, 0x00, 0x00, 0x38, 0x00, 0x00, 0x70, 0x00, 0x07,
    0xE0, 0x00, 0x07, 0xE0, 0x00, 0x00, 0x70, 0x00, 0x00, 0x18, 0x00, 0x00, 0x18, 0x00, 0x00, 0x18,
    0x00, 0x00, 0x18, 0x00, 0x20, 0x78, 0x00, 0x3F, 0xF0, 0x00, 0x1F, 0xC0, 0x00, 0x00, 0x00, 0x00,
    0x00, 0x00, 0x00, 0x00, 0x00, 0x00, 0x00, 0x00, 0x00, 0x00, 0x00, 0x00, 0x00, 0x00, 0x00, 0x00,
    0xE0, 0x00, 0x00, 0xE0, 0x00, 0x01, 0xE0, 0x00, 0x03, 0x60, 0x00, 0x03, 0x60, 0x00, 0x06, 0x60,
    0x00, 0x0C, 0x60, 0x00, 0x0C, 0x60, 0x00, 0x18, 0x60, 0x00, 0x38, 0x60, 0x00, 0x30, 0x60, 0x00,
    0x60, 0x60, 0x00, 0x7F, 0xFC, 0x00, 0x7F, 0xFC, 0x00, 0x00, 0x60, 0x00, 0x00, 0x60, 0x00, 0x00,
    0x60, 0x00, 0x00, 0x60, 0x00, 0x00, 0x00, 0x00, 0x00, 0x00, 0x00, 0x00, 0x00, 0x00, 0x00, 0x00,
    0x00, 0x00, 0x00, 0x00, 0x00, 0x00, 0x00, 0x1F, 0xF0, 0x00, 0x1F, 0xF0, 0x00, 0x18, 0x00, 0x00,
    0x18, 0x00, 0x00, 0x18, 0x00, 0x00, 0x18, 0x00, 0x00, 0x1F, 0xC0, 0x00, 0x1F, 0xE0, 0x00, 0x10,
    0x70, 0x00, 0x00, 0x38, 0x00, 0x00, 0x18, 0x00, 0x00, 0x18, 0x00, 0x00, 0x18, 0x00, 0x00, 0x18,
    0x00, 0x00, 0x38, 0x00, 0x20, 0x70, 0x00, 0x3F, 0xE0, 0x00, 0x1F, 0xC0, 0x00, 0x00, 0x00, 0x00,
    0x00, 0x00, 0x00, 0x00, 0x00, 0x00, 0x00, 0x00, 0x00, 0x00, 0x00, 0x00, 0x00, 0x00, 0x00, 0x03,
    0xE0, 0x00, 0x07, 0xF8, 0x00, 0x0E, 0x18, 0x00, 0x1C, 0x00, 0x00, 0x38, 0x00, 0x00, 0x30, 0x00,
    0x00, 0x33, 0xE0, 0x00, 0x37, 0xF0, 0x00, 0x3C, 0x38, 0x00, 0x38, 0x18, 0x00, 0x38, 0x1C, 0x00,
    0x38, 0x1C, 0x00, 0x38, 0x1C, 0x00, 0x38, 0x1C, 0x00, 0x18, 0x18, 0x00, 0x1C, 0x38, 0x00, 0x0F,
    0xF0, 0x00, 0x07, 0xC0, 0x00, 0x00, 0x00, 0x00, 0x00, 0x00, 0x00, 0x00, 0x00, 0x00, 0x00, 0x00,
    0x00, 0x00, 0x00, 0x00, 0x00, 0x00, 0x00, 0x3F, 0xF8, 0x00, 0x3F, 0xF8, 0x00, 0x00, 0x38, 0x00,
    0x00, 0x30, 0x00, 0x00, 0x70, 0x00, 0x00, 0x70, 0x00, 0x00, 0x60, 0x00, 0x00, 0xE0, 0x00, 0x00,
    0xC0, 0x00, 0x00, 0xC0, 0x00, 0x01, 0xC0, 0x00, 0x01, 0x80, 0x00, 0x03, 0x80, 0x00, 0x03, 0x80,
    0x00, 0x03, 0x00, 0x00, 0x07, 0x00, 0x00, 0x06, 0x00, 0x00, 0x06, 0x00, 0x00, 0x00, 0x00, 0x00,
    0x00, 0x00, 0x00, 0x00, 0x00, 0x00, 0x00, 0x00, 0x00, 0x00, 0x00, 0x00, 0x00, 0x00, 0x00, 0x07,
    0xC0, 0x00, 0x1F, 0xF0, 0x00, 0x1C, 0x38, 0x00, 0x38, 0x38, 0x00, 0x30, 0x18, 0x00, 0x30, 0x18,
    0x00, 0x38, 0x38, 0x00, 0x1C, 0x30, 0x00, 0x0F, 0xE0, 0x00, 0x0F, 0xE0, 0x00, 0x1C, 0x38, 0x00,
    0x30, 0x18, 0x00, 0x30, 0x1C, 0x00, 0x30, 0x1C, 0x00, 0x30, 0x18, 0x00, 0x3C, 0x38, 0x00, 0x1F,
    0xF0, 0x00, 0x07, 0xE0, 0x00, 0x00, 0x00, 0x00, 0x00, 0x00, 0x00, 0x00, 0x00, 0x00, 0x00, 0x00,
    0x00, 0x00, 0x00, 0x00, 0x00, 0x00, 0x00, 0x07, 0xC0, 0x00, 0x1F, 0xE0, 0x00, 0x3C, 0x70, 0x00,
    0x38, 0x38, 0x00, 0x30, 0x18, 0x00, 0x30, 0x18, 0x00, 0x30, 0x18, 0x00, 0x30, 0x1C, 0x00, 0x38,
    0x3C, 0x00, 0x3C, 0x7C, 0x00, 0x1F, 0xF8, 0x00, 0x07, 0x98, 0x00, 0x00, 0x18, 0x00, 0x00, 0x38,
    0x00, 0x00, 0x30, 0x00, 0x10, 0xF0, 0x00, 0x1F, 0xE0, 0x00, 0x0F, 0x80, 0x00, 0x00, 0x00, 0x00,
    0x00, 0x00, 0x00, 0x00, 0x00, 0x00, 0x00, 0x00, 0x00, 0x00, 0x00, 0x00, 0x00, 0x00, 0x00, 0x00,
    0x00, 0x00, 0x00, 0x00, 0x00, 0x00, 0x00, 0x00, 0x00, 0x00, 0x00, 0x00, 0x00, 0x00, 0x00, 0x00,
    0x00, 0x18, 0x00, 0x00, 0x18, 0x00, 0x00, 0x18, 0x00, 0x00, 0x00, 0x00, 0x00, 0x00, 0x00, 0x00,
    0x00, 0x00, 0x00, 0x00, 0x00, 0x00, 0x00, 0x00, 0x00, 0x00, 0x00, 0x00, 0x18, 0x00, 0x00, 0x18,
    0x00, 0x00, 0x18, 0x00, 0x00, 0x00, 0x00, 0x00, 0x00, 0x00, 0x00, 0x00, 0x00, 0x00, 0x00, 0x00,
    0x00, 0x00, 0x00, 0x00, 0x00, 0x00, 0x00, 0x00, 0x00, 0x00, 0x00, 0x00, 0x00, 0x00, 0x00, 0x00,
    0x00, 0x00, 0x00, 0x00, 0x00, 0x00, 0x00, 0x00, 0x00, 0x18, 0x00, 0x00, 0x18, 0x00, 0x00, 0x18,
    0x00, 0x00, 0x00, 0x00, 0x00, 0x00, 0x00, 0x00, 0x00, 0x00, 0x00, 0x00, 0x00, 0x00, 0x00, 0x00,
    0x00, 0x00, 0x00, 0x00, 0x18, 0x00, 0x00, 0x18, 0x00, 0x00, 0x18, 0x00, 0x00, 0x38, 0x00, 0x00,
    0x00, 0x00, 0x00, 0x00, 0x00, 0x00, 0x00, 0x00, 0x00, 0x00, 0x00, 0x00, 0x00, 0x00, 0x00, 0x00,
    0x00, 0x00, 0x00, 0x00, 0x00, 0x00, 0x00, 0x00, 0x00, 0x00, 0x00, 0x00, 0x00, 0xC0, 0x00, 0x07,
    0xC0, 0x00, 0x1F, 0x80, 0x00, 0xFC, 0x00, 0x07, 0xE0, 0x00, 0x1F, 0x00, 0x00, 0x1C, 0x00, 0x00,
    0x1F, 0x00, 0x00, 0x07, 0xE0, 0x00, 0x00, 0xFC, 0x00, 0x00, 0x1F, 0x80, 0x00, 0x07, 0xC0, 0x00,
    0x00, 0xC0, 0x00, 0x00, 0x00, 0x00, 0x00, 0x00, 0x00, 0x00, 0x00, 0x00, 0x00, 0x00, 0x00, 0x00,
    0x00, 0x00, 0x00, 0x00, 0x00, 0x00, 0x00, 0x00, 0x00, 0x00, 0x00, 0x00, 0x00, 0x00, 0x00, 0x00,
    0x00, 0x00, 0x00, 0x00, 0x00, 0x00, 0x00, 0x00, 0x00, 0x00, 0x00, 0x00, 0x1F, 0xFF, 0xC0, 0x1F,
    0xFF, 0xC0, 0x00, 0x00, 0x00, 0x00, 0x00, 0x00, 0x00, 0x00, 0x00, 0x1F, 0xFF, 0xC0, 0x1F, 0xFF,
    0xC0, 0x00, 0x00, 0x00, 0x00, 0x00, 0x00, 0x00, 0x00, 0x00, 0x00, 0x00, 0x00, 0x00, 0x00, 0x00,
    0x00, 0x00, 0x00, 0x00, 0x00, 0x00, 0x00, 0x00, 0x00, 0x00, 0x00, 0x00, 0x00, 0x00, 0x00, 0x00,
    0x00, 0x00, 0x00, 0x00, 0x00, 0x00, 0x00, 0x00, 0x00, 0x00, 0x00, 0x10, 0x00, 0x00, 0x1E, 0x00,
    0x00, 0x1F, 0x80, 0x00, 0x03, 0xF0, 0x00, 0x00, 0x7E, 0x00, 0x00, 0x0F, 0x80, 0x00, 0x03, 0xC0,
    0x00, 0x0F, 0x80, 0x00, 0x7E, 0x00, 0x03, 0xF0, 0x00, 0x0F, 0x80, 0x00, 0x1E, 0x00, 0x00, 0x10,
    0x00, 0x00, 0x00, 0x00, 0x00, 0x00, 0x00, 0x00, 0x00, 0x00, 0x00, 0x00, 0x00, 0x00, 0x00, 0x00,
    0x00, 0x00, 0x00, 0x00, 0x00, 0x00, 0x00, 0x0F, 0x80, 0x00, 0x3F, 0xC0, 0x00, 0x30, 0xE0, 0x00,
    0x00, 0xE0, 0x00, 0x00, 0x60, 0x00, 0x00, 0xE0, 0x00, 0x00, 0xC0, 0x00, 0x01, 0x80, 0x00, 0x03,
    0x00, 0x00, 0x06, 0x00, 0x00, 0x06, 0x00, 0x00, 0x06, 0x00, 0x00, 0x06, 0x00, 0x00, 0x00, 0x00,
    0x00, 0x00, 0x00, 0x00, 0x06, 0x00, 0x00, 0x06, 0x00, 0x00, 0x06, 0x00, 0x00, 0x00, 0x00, 0x00,
    0x00, 0x00, 0x00, 0x00, 0x00, 0x00, 0x00, 0x00, 0x00, 0x00, 0x00, 0x00, 0x00, 0x00, 0x00, 0x00,
    0x00, 0x00, 0x00, 0x7F, 0x00, 0x01, 0xFF, 0xC0, 0x07, 0x81, 0xE0, 0x0E, 0x00, 0x70, 0x1C, 0x00,
    0x18, 0x18, 0x3D, 0x98, 0x30, 0xFF, 0x8C, 0x30, 0xC3, 0x8C, 0x21, 0x81, 0x84, 0x21, 0x81, 0x84,
    0x21, 0x81, 0x8C, 0x21, 0x81, 0x8C, 0x21, 0x81, 0x8C, 0x30, 0xC3, 0xB8, 0x30, 0xFF, 0xF0, 0x18,
    0x3D, 0xC0, 0x1C, 0x00, 0x00, 0x0E, 0x00, 0x40, 0x00, 0x00, 0x00, 0x00, 0x00, 0x00, 0x00, 0x00,
    0x00, 0x00, 0x00, 0x00, 0x00, 0x00, 0x00, 0x01, 0xC0, 0x00, 0x03, 0xC0, 0x00, 0x03, 0xC0, 0x00,
    0x03, 0x60, 0x00, 0x07, 0x60, 0x00, 0x06, 0x70, 0x00, 0x0E, 0x30, 0x00, 0x0E, 0x30, 0x00, 0x0C,
    0x38, 0x00, 0x1C, 0x18, 0x00, 0x1C, 0x18, 0x00, 0x18, 0x1C, 0x00, 0x3F, 0xFC, 0x00, 0x3F, 0xFE,
    0x00, 0x70, 0x0E, 0x00, 0x70, 0x06, 0x00, 0x60, 0x07, 0x00, 0xE0, 0x03, 0x00, 0x00, 0x00, 0x00,
    0x00, 0x00, 0x00, 0x00, 0x00, 0x00, 0x00, 0x00, 0x00, 0x00, 0x00, 0x00, 0x00, 0x00, 0x00, 0x3F,
    0xE0, 0x00, 0x3F, 0xF8, 0x00, 0x38, 0x3C, 0x00, 0x38, 0x1C, 0x00, 0x38, 0x0C, 0x00, 0x38, 0x0C,
    0x00, 0x38, 0x1C, 0x00, 0x38, 0x38, 0x00, 0x3F, 0xF0, 0x00, 0x3F, 0xF8, 0x00, 0x38, 0x1C, 0x00,
    0x38, 0x0C, 0x00, 0x38, 0x0E, 0x00, 0x38, 0x0E, 0x00, 0x38, 0x0E, 0x00, 0x38, 0x1C, 0x00, 0x3F,
    0xF8, 0x00, 0x3F, 0xF0, 0x00, 0x00, 0x00, 0x00, 0x00, 0x00, 0x00, 0x00, 0x00, 0x00, 0x00, 0x00,
    0x00, 0x00, 0x00, 0x00, 0x00, 0x00, 0x00, 0x01, 0xF8, 0x00, 0x07, 0xFE, 0x00, 0x0E, 0x06, 0x00,
    0x1C, 0x00, 0x00, 0x38, 0x00, 0x00, 0x30, 0x00, 0x00, 0x30, 0x00, 0x00, 0x70, 0x00, 0x00, 0x70,
    0x00, 0x00, 0x70, 0x00, 0x00, 0x70, 0x00, 0x00, 0x30, 0x00, 0x00, 0x30, 0x00, 0x00, 0x38, 0x00,
    0x00, 0x1C, 0x00, 0x00, 0x0E, 0x06, 0x00, 0x07, 0xFE, 0x00, 0x01, 0xF8, 0x00, 0x00, 0x00, 0x00,
    0x00, 0x00, 0x00, 0x00, 0x00, 0x00, 0x00, 0x00, 0x00, 0x00, 0x00, 0x00, 0x00, 0x00, 0x00, 0x3F,
    0xE0, 0x00, 0x3F, 0xFC, 0x00, 0x38, 0x1E, 0x00, 0x38, 0x07, 0x00, 0x38, 0x07, 0x00, 0x38, 0x03,
    0x80, 0x38, 0x03, 0x80, 0x38, 0x03, 0x80, 0x38, 0x01, 0x80, 0x38, 0x01, 0x80, 0x38, 0x03, 0x80,
    0x38, 0x03, 0x80, 0x38, 0x03, 0x80, 0x38, 0x07, 0x00, 0x38, 0x07, 0x00, 0x38, 0x1E, 0x00, 0x3F,
    0xFC, 0x00, 0x3F, 0xE0, 0x00, 0x00, 0x00, 0x00, 0x00, 0x00, 0x00, 0x00, 0x00, 0x00, 0x00, 0x00,
    0x00, 0x00, 0x00, 0x00, 0x00, 0x00, 0x00, 0x3F, 0xF8, 0x00, 0x3F, 0xF8, 0x00, 0x38, 0x00, 0x00,
    0x38, 0x00, 0x00, 0x38, 0x00, 0x00, 0x38, 0x00, 0x00, 0x38, 0x00, 0x00, 0x38, 0x00, 0x00, 0x3F,
    0xF8, 0x00, 0x3F, 0xF8, 0x00, 0x38, 0x00, 0x00, 0x38, 0x00, 0x00, 0x38, 0x00, 0x00, 0x38, 0x00,
    0x00, 0x38, 0x00, 0x00, 0x38, 0x00, 0x00, 0x3F, 0xFC, 0x00, 0x3F, 0xFC, 0x00, 0x00, 0x00, 0x00,
    0x00, 0x00, 0x00, 0x00, 0x00, 0x00, 0x00, 0x00, 0x00, 0x00, 0x00, 0x00, 0x00, 0x00, 0x00, 0x3F,
    0xF0, 0x00, 0x3F, 0xF0, 0x00, 0x38, 0x00, 0x00, 0x38, 0x00, 0x00, 0x38, 0x00, 0x00, 0x38, 0x00,
    0x00, 0x38, 0x00, 0x00, 0x38, 0x00, 0x00, 0x3F, 0xF0, 0x00, 0x3F, 0xF0, 0x00, 0x38, 0x00, 0x00,
    0x38, 0x00, 0x00, 0x38, 0x00, 0x00, 0x38, 0x00, 0x00, 0x38, 0x00, 0x00, 0x38, 0x00, 0x00, 0x38,
    0x00, 0x00, 0x38, 0x00, 0x00, 0x00, 0x00, 0x00, 0x00, 0x00, 0x00, 0x00, 0x00, 0x00, 0x00, 0x00,
    0x00, 0x00, 0x00, 0x00, 0x00, 0x00, 0x00, 0x01, 0xF8, 0x00, 0x07, 0xFE, 0x00, 0x0E, 0x07, 0x00,
    0x1C, 0x01, 0x00, 0x38, 0x00, 0x00, 0x30, 0x00, 0x00, 0x30, 0x00, 0x00, 0x70, 0x00, 0x00, 0x70,
    0x3F, 0x80, 0x70, 0x3F, 0x80, 0x70, 0x03, 0x80, 0x30, 0x03, 0x80, 0x30, 0x03, 0x80, 0x38, 0x03,
    0x80, 0x1C, 0x03, 0x80, 0x0E, 0x07, 0x80, 0x07, 0xFF, 0x00, 0x01, 0xF8, 0x00, 0x00, 0x00, 0x00,
    0x00, 0x00, 0x00, 0x00, 0x00, 0x00, 0x00, 0x00, 0x00, 0x00, 0x00, 0x00, 0x00, 0x00, 0x00, 0x38,
    0x07, 0x00, 0x38, 0x07, 0x00, 0x38, 0x07, 0x00, 0x38, 0x07, 0x00, 0x38, 0x07, 0x00, 0x38, 0x07,
    0x00, 0x38, 0x07, 0x00, 0x38, 0x07, 0x00, 0x3F, 0xFF, 0x00, 0x3F, 0xFF, 0x00, 0x38, 0x07, 0x00,
    0x38, 0x07, 0x00, 0x38, 0x07, 0x00, 0x38, 0x07, 0x00, 0x38, 0x07, 0x00, 0x38, 0x07, 0x00, 0x38,
    0x07, 0x00, 0x38, 0x07, 0x00, 0x00, 0x00, 0x00, 0x00, 0x00, 0x00, 0x00, 0x00, 0x00, 0x00, 0x00,
    0x00, 0x00, 0x00, 0x00, 0x00, 0x00, 0x00, 0x38, 0x00, 0x00, 0x38, 0x00, 0x00, 0x38, 0x00, 0x00,
    0x38, 0x00, 0x00, 0x38, 0x00, 0x00, 0x38, 0x00, 0x00, 0x38, 0x00, 0x00, 0x38, 0x00, 0x00, 0x38,
    0x00, 0x00, 0x38, 0x00, 0x00, 0x38, 0x00, 0x00, 0x38, 0x00, 0x00, 0x38, 0x00, 0x00, 0x38, 0x00,
    0x00, 0x38, 0x00, 0x00, 0x38, 0x00, 0x00, 0x38, 0x00, 0x00, 0x38, 0x00, 0x00, 0x00, 0x00, 0x00,
    0x00, 0x00, 0x00, 0x00, 0x00, 0x00, 0x00, 0x00, 0x00, 0x00, 0x00, 0x00, 0x00, 0x00, 0x00, 0x0E,
    0x00, 0x00, 0x0E, 0x00, 0x00, 0x0E, 0x00, 0x00, 0x0E, 0x00, 0x00, 0x0E, 0x00, 0x00, 0x0E, 0x00,
    0x00, 0x0E, 0x00, 0x00, 0x0E, 0x00, 0x00, 0x0E, 0x00, 0x00, 0x0E, 0x00, 0x00, 0x0E, 0x00, 0x00,
    0x0E, 0x00, 0x00, 0x0E, 0x00, 0x00, 0x0E, 0x00, 0x00, 0x0E, 0x00, 0x00, 0x0E, 0x00, 0x00, 0x0E,
    0x00, 0x00, 0x0E, 0x00, 0x00, 0x0E, 0x00, 0x00, 0x00, 0x00, 0x00, 0x00, 0x00, 0x00, 0x00, 0x00,
    0x00, 0x00, 0x00, 0x00, 0x00, 0x00, 0x00, 0x38, 0x0E, 0x00, 0x38, 0x1C, 0x00, 0x38, 0x38, 0x00,
    0x38, 0x70, 0x00, 0x38, 0xE0, 0x00, 0x39, 0xC0, 0x00, 0x3B, 0x80, 0x00, 0x3F, 0x00, 0x00, 0x3E,
    0x00, 0x00, 0x3F, 0x00, 0x00, 0x3B, 0x80, 0x00, 0x39, 0xC0, 0x00, 0x38, 0xE0, 0x00, 0x38, 0x70,
    0x00, 0x38, 0x38, 0x00, 0x38, 0x1C, 0x00, 0x38, 0x0E, 0x00, 0x38, 0x07, 0x00, 0x00, 0x00, 0x00,
    0x00, 0x00, 0x00, 0x00, 0x00, 0x00, 0x00, 0x00, 0x00, 0x00, 0x00, 0x00, 0x00, 0x00, 0x00, 0x38,
    0x00, 0x00, 0x38, 0x00, 0x00, 0x38, 0x00, 0x00, 0x38, 0x00, 0x00, 0x38, 0x00, 0x00, 0x38, 0x00,
    0x00, 0x38, 0x00, 0x00, 0x38, 0x00, 0x00, 0x38, 0x00, 0x00, 0x38, 0x00, 0x00, 0x38, 0x00, 0x00,
    0x38, 0x00, 0x00, 0x38, 0x00, 0x00, 0x38, 0x00, 0x00, 0x38, 0x00, 0x00, 0x38, 0x00, 0x00, 0x3F,
    0xF8, 0x00, 0x3F, 0xF8, 0x00, 0x00, 0x00, 0x00, 0x00, 0x00, 0x00, 0x00, 0x00, 0x00, 0x00, 0x00,
    0x00, 0x00, 0x00, 0x00, 0x00, 0x00, 0x00, 0x3C, 0x01, 0xC0, 0x3C, 0x03, 0xC0, 0x3E, 0x03, 0xC0,
    0x3E, 0x03, 0xC0, 0x3E, 0x06, 0xC0, 0x3B, 0x06, 0xC0, 0x3B, 0x06, 0xC0, 0x39, 0x8C, 0xC0, 0x39,
    0x8C, 0xC0, 0x39, 0x98, 0xC0, 0x38, 0xD8, 0xC0, 0x38, 0xD8, 0xC0, 0x38, 0xF0, 0xC0, 0x38, 0x70,
    0xC0, 0x38, 0x70, 0xC0, 0x38, 0x00, 0xC0, 0x38, 0x00, 0xC0, 0x38, 0x00, 0xC0, 0x00, 0x00, 0x00,
    0x00, 0x00, 0x00, 0x00, 0x00, 0x00, 0x00, 0x00, 0x00, 0x00, 0x00, 0x00, 0x00, 0x00, 0x00, 0x3C,
    0x07, 0x00, 0x3C, 0x07, 0x00, 0x3E, 0x07, 0x00, 0x3E, 0x07, 0x00, 0x3F, 0x07, 0x00, 0x3B, 0x07,
    0x00, 0x3B, 0x87, 0x00, 0x39, 0x87, 0x00, 0x38, 0xC7, 0x00, 0x38, 0xC7, 0x00, 0x38, 0x67, 0x00,
    0x38, 0x67, 0x00, 0x38, 0x37, 0x00, 0x38, 0x37, 0x00, 0x38, 0x1F, 0x00, 0x38, 0x1F, 0x00, 0x38,
    0x0F, 0x00, 0x38, 0x0F, 0x00, 0x00, 0x00, 0x00, 0x00, 0x00, 0x00, 0x00, 0x00, 0x00, 0x00, 0x00,
    0x00, 0x00, 0x00, 0x00, 0x00, 0x00, 0x00, 0x01, 0xF0, 0x00, 0x07, 0xFC, 0x00, 0x0E, 0x0E, 0x00,
    0x1C, 0x07, 0x00, 0x38, 0x03, 0x80, 0x30, 0x03, 0x80, 0x30, 0x01, 0x80, 0x70, 0x01, 0x80, 0x70,
    0x01, 0xC0, 0x70, 0x01, 0xC0, 0x70, 0x01, 0x80, 0x30, 0x01, 0x80, 0x30, 0x03, 0x80, 0x38, 0x03,
    0x80, 0x1C, 0x07, 0x00, 0x0E, 0x0E, 0x00, 0x07, 0xFC, 0x00, 0x01, 0xF0, 0x00, 0x00, 0x00, 0x00,
    0x00, 0x00, 0x00, 0x00, 0x00, 0x00, 0x00, 0x00, 0x00, 0x00, 0x00, 0x00, 0x00, 0x00, 0x00, 0x3F,
    0xE0, 0x00, 0x3F, 0xF0, 0x00, 0x38, 0x38, 0x00, 0x38, 0x18, 0x00, 0x38, 0x1C, 0x00, 0x38, 0x1C,
    0x00, 0x38, 0x18, 0x00, 0x38, 0x38, 0x00, 0x3F, 0xF0, 0x00, 0x3F, 0xE0, 0x00, 0x38, 0x00, 0x00,
    0x38, 0x00, 0x00, 0x38, 0x00, 0x00, 0x38, 0x00, 0x00, 0x38, 0x00, 0x00, 0x38, 0x00, 0x00, 0x38,
    0x00, 0x00, 0x38, 0x00, 0x00, 0x00, 0x00, 0x00, 0x00, 0x00, 0x00, 0x00, 0x00, 0x00, 0x00, 0x00,
    0x00, 0x00, 0x00, 0x00, 0x00, 0x00, 0x00, 0x01, 0xF0, 0x00, 0x07, 0xFC, 0x00, 0x0E, 0x0E, 0x00,
    0x1C, 0x07, 0x00, 0x38, 0x03, 0x80, 0x30, 0x03, 0x80, 0x30, 0x01, 0x80, 0x70, 0x01, 0x80, 0x70,
    0x01, 0xC0, 0x70, 0x01, 0xC0, 0x70, 0x01, 0x80, 0x30, 0x01, 0x80, 0x30, 0x03, 0x80, 0x38, 0x03,
    0x80, 0x1C, 0x07, 0x00, 0x0E, 0x0E, 0x00, 0x07, 0xFC, 0x00, 0x01, 0xF8, 0x00, 0x00, 0x1C, 0x00,
    0x00, 0x00, 0x00, 0x00, 0x00, 0x00, 0x00, 0x00, 0x00, 0x00, 0x00, 0x00, 0x00, 0x00, 0x00, 0x3F,
    0xE0, 0x00, 0x3F, 0xF0, 0x00, 0x38, 0x38, 0x00, 0x38, 0x18, 0x00, 0x38, 0x1C, 0x00, 0x38, 0x1C,
    0x00, 0x38, 0x18, 0x00, 0x38, 0x38, 0x00, 0x3F, 0xF0, 0x00, 0x3F, 0xE0, 0x00, 0x38, 0x70, 0x00,
    0x38, 0x38, 0x00, 0x38, 0x18, 0x00, 0x38, 0x1C, 0x00, 0x38, 0x0C, 0x00, 0x38, 0x0E, 0x00, 0x38,
    0x06, 0x00, 0x38, 0x07, 0x00, 0x00, 0x00, 0x00, 0x00, 0x00, 0x00, 0x00, 0x00, 0x00, 0x00, 0x00,
    0x00, 0x00, 0x00, 0x00, 0x00, 0x00, 0x00, 0x07, 0xE0, 0x00, 0x1F, 0xF8, 0x00, 0x3C, 0x18, 0x00,
    0x30, 0x00, 0x00, 0x30, 0x00, 0x00, 0x30, 0x00, 0x00, 0x38, 0x00, 0x00, 0x3E, 0x00, 0x00, 0x1F,
    0xE0, 0x00, 0x07, 0xF0, 0x00, 0x00, 0x78, 0x00, 0x00, 0x1C, 0x00, 0x00, 0x1C, 0x00, 0x00, 0x1C,
    0x00, 0x00, 0x1C, 0x00, 0x30, 0x38, 0x00, 0x3F, 0xF0, 0x00, 0x0F, 0xE0, 0x00, 0x00, 0x00, 0x00,
    0x00, 0x00, 0x00, 0x00, 0x00, 0x00, 0x00, 0x00, 0x00, 0x00, 0x00, 0x00, 0x00, 0x00, 0x00, 0x7F,
    0xFF, 0x00, 0x7F, 0xFF, 0x00, 0x01, 0xC0, 0x00, 0x01, 0xC0, 0x00, 0x01, 0xC0, 0x00, 0x01, 0xC0,
    0x00, 0x01, 0xC0, 0x00, 0x01, 0xC0, 0x00, 0x01, 0xC0, 0x00, 0x01, 0xC0, 0x00, 0x01, 0xC0, 0x00,
    0x01, 0xC0, 0x00, 0x01, 0xC0, 0x00, 0x01, 0xC0, 0x00, 0x01, 0xC0, 0x00, 0x01, 0xC0, 0x00, 0x01,
    0xC0, 0x00, 0x01, 0xC0, 0x00, 0x00, 0x00, 0x00, 0x00, 0x00, 0x00, 0x00, 0x00, 0x00, 0x00, 0x00,
    0x00, 0x00, 0x00, 0x00, 0x00, 0x00, 0x00, 0x30, 0x06, 0x00, 0x30, 0x06, 0x00, 0x30, 0x06, 0x00,
    0x30, 0x06, 0x00, 0x30, 0x06, 0x00, 0x30, 0x06, 0x00, 0x30, 0x06, 0x00, 0x30, 0x06, 0x00, 0x30,
    0x06, 0x00, 0x30, 0x06, 0x00, 0x30, 0x06, 0x00, 0x38, 0x06, 0x00, 0x38, 0x06, 0x00, 0x38, 0x06,
    0x00, 0x18, 0x0E, 0x00, 0x1C, 0x1C, 0x00, 0x0F, 0xF8, 0x00, 0x03, 0xF0, 0x00, 0x00, 0x00, 0x00,
    0x00, 0x00, 0x00, 0x00, 0x00, 0x00, 0x00, 0x00, 0x00, 0x00, 0x00, 0x00, 0x00, 0x00, 0x00, 0xE0,
    0x03, 0x00, 0x60, 0x07, 0x00, 0x70, 0x06, 0x00, 0x70, 0x0E, 0x00, 0x30, 0x0E, 0x00, 0x38, 0x0C,
    0x00, 0x18, 0x1C, 0x00, 0x18, 0x18, 0x00, 0x1C, 0x18, 0x00, 0x0C, 0x38, 0x00, 0x0C, 0x30, 0x00,
    0x0E, 0x30, 0x00, 0x06, 0x70, 0x00, 0x07, 0x60, 0x00, 0x03, 0xE0, 0x00, 0x03, 0xC0, 0x00, 0x03,
    0xC0, 0x00, 0x01, 0xC0, 0x00, 0x00, 0x00, 0x00, 0x00, 0x00, 0x00, 0x00, 0x00, 0x00, 0x00, 0x00,
    0x00, 0x00, 0x00, 0x00, 0x00, 0x00, 0x00, 0x60, 0x38, 0x0E, 0x70, 0x3C, 0x0E, 0x70, 0x3C, 0x0C,
    0x30, 0x3C, 0x0C, 0x30, 0x6C, 0x1C, 0x38, 0x66, 0x1C, 0x38, 0x66, 0x18, 0x18, 0x66, 0x18, 0x18,
    0xC6, 0x38, 0x18, 0xC2, 0x38, 0x1C, 0xC3, 0x30, 0x0C, 0xC3, 0x30, 0x0C, 0x83, 0x30, 0x0D, 0x81,
    0x70, 0x0F, 0x81, 0xE0, 0x07, 0x81, 0xE0, 0x07, 0x81, 0xE0, 0x07, 0x01, 0xE0, 0x00, 0x00, 0x00,
    0x00, 0x00, 0x00, 0x00, 0x00, 0x00, 0x00, 0x00, 0x00, 0x00, 0x00, 0x00, 0x00, 0x00, 0x00, 0x30,
    0x0E, 0x00, 0x38, 0x0C, 0x00, 0x1C, 0x1C, 0x00, 0x0C, 0x38, 0x00, 0x0E, 0x30, 0x00, 0x07, 0x70,
    0x00, 0x03, 0xE0, 0x00, 0x03, 0xC0, 0x00, 0x01, 0xC0, 0x00, 0x03, 0xC0, 0x00, 0x03, 0xE0, 0x00,
    0x07, 0x60, 0x00, 0x0E, 0x30, 0x00, 0x0C, 0x38, 0x00, 0x1C, 0x18, 0x00, 0x38, 0x0C, 0x00, 0x30,
    0x0E, 0x00, 0x70, 0x06, 0x00, 0x00, 0x00, 0x00, 0x00, 0x00, 0x00, 0x00, 0x00, 0x00, 0x00, 0x00,
    0x00, 0x00, 0x00, 0x00, 0x00, 0x00, 0x00, 0x70, 0x06, 0x00, 0x30, 0x0E, 0x00, 0x18, 0x0C, 0x00,
    0x1C, 0x18, 0x00, 0x0C, 0x38, 0x00, 0x06, 0x30, 0x00, 0x07, 0x60, 0x00, 0x03, 0xE0, 0x00, 0x01,
    0xC0, 0x00, 0x01, 0xC0, 0x00, 0x01, 0xC0, 0x00, 0x01, 0xC0, 0x00, 0x01, 0xC0, 0x00, 0x01, 0xC0,
    0x00, 0x01, 0xC0, 0x00, 0x01, 0xC0, 0x00, 0x01, 0xC0, 0x00, 0x01, 0xC0, 0x00, 0x00, 0x00, 0x00,
    0x00, 0x00, 0x00, 0x00, 0x00, 0x00, 0x00, 0x00, 0x00, 0x00, 0x00, 0x00, 0x00, 0x00, 0x00, 0x7F,
    0xFE, 0x00, 0x7F, 0xFE, 0x00, 0x00, 0x0E, 0x00, 0x00, 0x1C, 0x00, 0x00, 0x38, 0x00, 0x00, 0x70,
    0x00, 0x00, 0x60, 0x00, 0x00, 0xE0, 0x00, 0x01, 0xC0, 0x00, 0x03, 0x80, 0x00, 0x07, 0x00, 0x00,
    0x07, 0x00, 0x00, 0x0E, 0x00, 0x00, 0x1C, 0x00, 0x00, 0x38, 0x00, 0x00, 0x30, 0x00, 0x00, 0x7F,
    0xFE, 0x00, 0x7F, 0xFE, 0x00, 0x00, 0x00, 0x00, 0x00, 0x00, 0x00, 0x00, 0x00, 0x00, 0x00, 0x00,
    0x00, 0x00, 0x00, 0x00, 0x00, 0x00, 0x00, 0x3E, 0x00, 0x00, 0x3E, 0x00, 0x00, 0x30, 0x00, 0x00,
    0x30, 0x00, 0x00, 0x30, 0x00, 0x00, 0x30, 0x00, 0x00, 0x30, 0x00, 0x00, 0x30, 0x00, 0x00, 0x30,
    0x00, 0x00, 0x30, 0x00, 0x00, 0x30, 0x00, 0x00, 0x30, 0x00, 0x00, 0x30, 0x00, 0x00, 0x30, 0x00,
    0x00, 0x30, 0x00, 0x00, 0x30, 0x00, 0x00, 0x30, 0x00, 0x00, 0x30, 0x00, 0x00, 0x30, 0x00, 0x00,
    0x00, 0x00, 0x00, 0x00, 0x00, 0x00, 0x00, 0x00, 0x00, 0x00, 0x00, 0x00, 0x00, 0x00, 0x00, 0xC0,
    0x00, 0x00, 0xC0, 0x00, 0x00, 0x60, 0x00, 0x00, 0x60, 0x00, 0x00, 0x60, 0x00, 0x00, 0x30, 0x00,
    0x00, 0x30, 0x00, 0x00, 0x30, 0x00, 0x00, 0x18, 0x00, 0x00, 0x18, 0x00, 0x00, 0x18, 0x00, 0x00,
    0x1C, 0x00, 0x00, 0x0C, 0x00, 0x00, 0x0C, 0x00, 0x00, 0x0C, 0x00, 0x00, 0x06, 0x00, 0x00, 0x06,
    0x00, 0x00, 0x06, 0x00, 0x00, 0x03, 0x00, 0x00, 0x00, 0x00, 0x00, 0x00, 0x00, 0x00, 0x00, 0x00,
    0x00, 0x00, 0x00, 0x00, 0x00, 0x00, 0x00, 0x3E, 0x00, 0x00, 0x3E, 0x00, 0x00, 0x06, 0x00, 0x00,
    0x06, 0x00, 0x00, 0x06, 0x00, 0x00, 0x06, 0x00, 0x00, 0x06, 0x00, 0x00, 0x06, 0x00, 0x00, 0x06,
    0x00, 0x00, 0x06, 0x00, 0x00, 0x06, 0x00, 0x00, 0x06, 0x00, 0x00, 0x06, 0x00, 0x00, 0x06, 0x00,
    0x00, 0x06, 0x00, 0x00, 0x06, 0x00, 0x00, 0x06, 0x00, 0x00, 0x06, 0x00, 0x00, 0x06, 0x00, 0x00,
    0x00, 0x00, 0x00, 0x00, 0x00, 0x00, 0x00, 0x00, 0x00, 0x00, 0x00, 0x00, 0x00, 0x00, 0x00, 0x00,
    0xF0, 0x00, 0x00, 0xF8, 0x00, 0x01, 0xD8, 0x00, 0x03, 0x8C, 0x00, 0x07, 0x06, 0x00, 0x0C, 0x03,
    0x00, 0x18, 0x01, 0x80, 0x00, 0x00, 0x00, 0x00, 0x00, 0x00, 0x00, 0x00, 0x00, 0x00, 0x00, 0x00,
    0x00, 0x00, 0x00, 0x00, 0x00, 0x00, 0x00, 0x00, 0x00, 0x00, 0x00, 0x00, 0x00, 0x00, 0x00, 0x00,
    0x00, 0x00, 0x00, 0x00, 0x00, 0x00, 0x00, 0x00, 0x00, 0x00, 0x00, 0x00, 0x00, 0x00, 0x00, 0x00,
    0x00, 0x00, 0x00, 0x00, 0x00, 0x00, 0x00, 0x00, 0x00, 0x00, 0x00, 0x00, 0x00, 0x00, 0x00, 0x00,
    0x00, 0x00, 0x00, 0x00, 0x00, 0x00, 0x00, 0x00, 0x00, 0x00, 0x00, 0x00, 0x00, 0x00, 0x00, 0x00,
    0x00, 0x00, 0x00, 0x00, 0x00, 0x00, 0x00, 0x00, 0x00, 0x00, 0x00, 0x00, 0x00, 0x00, 0x00, 0x00,
    0x00, 0x00, 0x00, 0x00, 0x00, 0x00, 0x00, 0x00, 0x00, 0x00, 0x00, 0x00, 0x00, 0x00, 0x00, 0x00,
    0x00, 0x00, 0x00, 0x00, 0x00, 0x00, 0x00, 0x00, 0x00, 0x00, 0x00, 0x00, 0x38, 0x00, 0x00, 0x1C,
    0x00, 0x00, 0x0C, 0x00, 0x00, 0x06, 0x00, 0x00, 0x00, 0x00, 0x00, 0x00, 0x00, 0x00, 0x00, 0x00,
    0x00, 0x00, 0x00, 0x00, 0x00, 0x00, 0x00, 0x00, 0x00, 0x00, 0x00, 0x00, 0x00, 0x00, 0x00, 0x00,
    0x00, 0x00, 0x00, 0x00, 0x00, 0x00, 0x00, 0x00, 0x00, 0x00, 0x00, 0x00, 0x00, 0x00, 0x00, 0x00,
    0x00, 0x00, 0x00, 0x00, 0x00, 0x00, 0x00, 0x00, 0x00, 0x00, 0x00, 0x00, 0x00, 0x00, 0x00, 0x00,
    0x00, 0x00, 0x00, 0x00, 0x00, 0x00, 0x00, 0x00, 0x00, 0x00, 0x00, 0x00, 0x00, 0x00, 0x00, 0x00,
    0x00, 0x00, 0x00, 0x00, 0x00, 0x00, 0x0F, 0xC0, 0x00, 0x3F, 0xE0, 0x00, 0x30, 0x70, 0x00, 0x00,
    0x30, 0x00, 0x00, 0x30, 0x00, 0x0F, 0xF8, 0x00, 0x3F, 0xF8, 0x00, 0x38, 0x38, 0x00, 0x30, 0x38,
    0x00, 0x70, 0x38, 0x00, 0x30, 0xF8, 0x00, 0x3F, 0xF8, 0x00, 0x1F, 0x38, 0x00, 0x00, 0x00, 0x00,
    0x00, 0x00, 0x00, 0x00, 0x00, 0x00, 0x00, 0x00, 0x00, 0x00, 0x00, 0x00, 0x00, 0x00, 0x00, 0x30,
    0x00, 0x00, 0x30, 0x00, 0x00, 0x30, 0x00, 0x00, 0x30, 0x00, 0x00, 0x30, 0x00, 0x00, 0x33, 0xE0,
    0x00, 0x3F, 0xF0, 0x00, 0x3C, 0x38, 0x00, 0x38, 0x18, 0x00, 0x38, 0x1C, 0x00, 0x30, 0x0C, 0x00,
    0x30, 0x0C, 0x00, 0x30, 0x0C, 0x00, 0x38, 0x1C, 0x00, 0x38, 0x18, 0x00, 0x3C, 0x38, 0x00, 0x3F,
    0xF0, 0x00, 0x33, 0xE0, 0x00, 0x00, 0x00, 0x00, 0x00, 0x00, 0x00, 0x00, 0x00, 0x00, 0x00, 0x00,
    0x00, 0x00, 0x00, 0x00, 0x00, 0x00, 0x00, 0x00, 0x00, 0x00, 0x00, 0x00, 0x00, 0x00, 0x00, 0x00,
    0x00, 0x00, 0x00, 0x00, 0x00, 0x00, 0x07, 0xC0, 0x00, 0x1F, 0xF0, 0x00, 0x3C, 0x30, 0x00, 0x38,
    0x00, 0x00, 0x30, 0x00, 0x00, 0x70, 0x00, 0x00, 0x70, 0x00, 0x00, 0x70, 0x00, 0x00, 0x30, 0x00,
    0x00, 0x38, 0x00, 0x00, 0x3C, 0x30, 0x00, 0x1F, 0xF0, 0x00, 0x07, 0xC0, 0x00, 0x00, 0x00, 0x00,
    0x00, 0x00, 0x00, 0x00, 0x00, 0x00, 0x00, 0x00, 0x00, 0x00, 0x00, 0x00, 0x00, 0x00, 0x00, 0x00,
    0x18, 0x00, 0x00, 0x18, 0x00, 0x00, 0x18, 0x00, 0x00, 0x18, 0x00, 0x00, 0x18, 0x00, 0x07, 0x98,
    0x00, 0x1F, 0xF8, 0x00, 0x38, 0x78, 0x00, 0x30, 0x38, 0x00, 0x30, 0x18, 0x00, 0x70, 0x18, 0x00,
    0x70, 0x18, 0x00, 0x70, 0x18, 0x00, 0x30, 0x18, 0x00, 0x30, 0x38, 0x00, 0x38, 0x78, 0x00, 0x1F,
    0xF8, 0x00, 0x0F, 0x98, 0x00, 0x00, 0x00, 0x00, 0x00, 0x00, 0x00, 0x00, 0x00, 0x00, 0x00, 0x00,
    0x00, 0x00, 0x00, 0x00, 0x00, 0x00, 0x00, 0x00, 0x00, 0x00, 0x00, 0x00, 0x00, 0x00, 0x00, 0x00,
    0x00, 0x00, 0x00, 0x00, 0x00, 0x00, 0x07, 0xC0, 0x00, 0x1F, 0xF0, 0x00, 0x1C, 0x38, 0x00, 0x30,
    0x18, 0x00, 0x30, 0x18, 0x00, 0x7F, 0xF8, 0x00, 0x7F, 0xF8, 0x00, 0x70, 0x00, 0x00, 0x30, 0x00,
    0x00, 0x30, 0x00, 0x00, 0x1C, 0x18, 0x00, 0x1F, 0xF8, 0x00, 0x07, 0xE0, 0x00, 0x00, 0x00, 0x00,
    0x00, 0x00, 0x00, 0x00, 0x00, 0x00, 0x00, 0x00, 0x00, 0x00, 0x00, 0x00, 0x00, 0x00, 0x00, 0x0F,
    0x80, 0x00, 0x1F, 0x80, 0x00, 0x18, 0x00, 0x00, 0x18, 0x00, 0x00, 0x18, 0x00, 0x00, 0x7F, 0x00,
    0x00, 0x7F, 0x00, 0x00, 0x18, 0x00, 0x00, 0x18, 0x00, 0x00, 0x18, 0x00, 0x00, 0x18, 0x00, 0x00,
    0x18, 0x00, 0x00, 0x18, 0x00, 0x00, 0x18, 0x00, 0x00, 0x18, 0x00, 0x00, 0x18, 0x00, 0x00, 0x18,
    0x00, 0x00, 0x18, 0x00, 0x00, 0x00, 0x00, 0x00, 0x00, 0x00, 0x00, 0x00, 0x00, 0x00, 0x00, 0x00,
    0x00, 0x00, 0x00, 0x00, 0x00, 0x00, 0x00, 0x00, 0x00, 0x00, 0x00, 0x00, 0x00, 0x00, 0x00, 0x00,
    0x00, 0x00, 0x00, 0x00, 0x00, 0x00, 0x0F, 0x98, 0x00, 0x1F, 0xF8, 0x00, 0x38, 0x78, 0x00, 0x30,
    0x38, 0x00, 0x30, 0x18, 0x00, 0x70, 0x18, 0x00, 0x70, 0x18, 0x00, 0x70, 0x18, 0x00, 0x30, 0x18,
    0x00, 0x30, 0x38, 0x00, 0x38, 0x78, 0x00, 0x1F, 0xF8, 0x00, 0x0F, 0x98, 0x00, 0x00, 0x18, 0x00,
    0x00, 0x00, 0x00, 0x00, 0x00, 0x00, 0x00, 0x00, 0x00, 0x00, 0x00, 0x00, 0x00, 0x00, 0x00, 0x30,
    0x00, 0x00, 0x30, 0x00, 0x00, 0x30, 0x00, 0x00, 0x30, 0x00, 0x00, 0x30, 0x00, 0x00, 0x33, 0xE0,
    0x00, 0x3F, 0xF0, 0x00, 0x3C, 0x38, 0x00, 0x38, 0x18, 0x00, 0x38, 0x18, 0x00, 0x30, 0x18, 0x00,
    0x30, 0x18, 0x00, 0x30, 0x18, 0x00, 0x30, 0x18, 0x00, 0x30, 0x18, 0x00, 0x30, 0x18, 0x00, 0x30,
    0x18, 0x00, 0x30, 0x18, 0x00, 0x00, 0x00, 0x00, 0x00, 0x00, 0x00, 0x00, 0x00, 0x00, 0x00, 0x00,
    0x00, 0x00, 0x00, 0x00, 0x00, 0x00, 0x00, 0x30, 0x00, 0x00, 0x30, 0x00, 0x00, 0x30, 0x00, 0x00,
    0x00, 0x00, 0x00, 0x00, 0x00, 0x00, 0x30, 0x00, 0x00, 0x30, 0x00, 0x00, 0x30, 0x00, 0x00, 0x30,
    0x00, 0x00, 0x30, 0x00, 0x00, 0x30, 0x00, 0x00, 0x30, 0x00, 0x00, 0x30, 0x00, 0x00, 0x30, 0x00,
    0x00, 0x30, 0x00, 0x00, 0x30, 0x00, 0x00, 0x30, 0x00, 0x00, 0x30, 0x00, 0x00, 0x00, 0x00, 0x00,
    0x00, 0x00, 0x00, 0x00, 0x00, 0x00, 0x00, 0x00, 0x00, 0x00, 0x00, 0x00, 0x00, 0x00, 0x00, 0x18,
    0x00, 0x00, 0x18, 0x00, 0x00, 0x18, 0x00, 0x00, 0x00, 0x00, 0x00, 0x00, 0x00, 0x00, 0x18, 0x00,
    0x00, 0x18, 0x00, 0x00, 0x18, 0x00, 0x00, 0x18, 0x00, 0x00, 0x18, 0x00, 0x00, 0x18, 0x00, 0x00,
    0x18, 0x00, 0x00, 0x18, 0x00, 0x00, 0x18, 0x00, 0x00, 0x18, 0x00, 0x00, 0x18, 0x00, 0x00, 0x18,
    0x00, 0x00, 0x18, 0x00, 0x00, 0x18, 0x00, 0x00, 0x00, 0x00, 0x00, 0x00, 0x00, 0x00, 0x00, 0x00,
    0x00, 0x00, 0x00, 0x00, 0x00, 0x00, 0x00, 0x30, 0x00, 0x00, 0x30, 0x00, 0x00, 0x30, 0x00, 0x00,
    0x30, 0x00, 0x00, 0x30, 0x00, 0x00, 0x30, 0x38, 0x00, 0x30, 0x70, 0x00, 0x30, 0xE0, 0x00, 0x31,
    0xC0, 0x00, 0x33, 0x00, 0x00, 0x3E, 0x00, 0x00, 0x3E, 0x00, 0x00, 0x37, 0x00, 0x00, 0x33, 0x80,
    0x00, 0x31, 0xC0, 0x00, 0x30, 0xE0, 0x00, 0x30, 0x70, 0x00, 0x30, 0x38, 0x00, 0x00, 0x00, 0x00,
    0x00, 0x00, 0x00, 0x00, 0x00, 0x00, 0x00, 0x00, 0x00, 0x00, 0x00, 0x00, 0x00, 0x00, 0x00, 0x30,
    0x00, 0x00, 0x30, 0x00, 0x00, 0x30, 0x00, 0x00, 0x30, 0x00, 0x00, 0x30, 0x00, 0x00, 0x30, 0x00,
    0x00, 0x30, 0x00, 0x00, 0x30, 0x00, 0x00, 0x30, 0x00, 0x00, 0x30, 0x00, 0x00, 0x30, 0x00, 0x00,
    0x30, 0x00, 0x00, 0x30, 0x00, 0x00, 0x30, 0x00, 0x00, 0x30, 0x00, 0x00, 0x30, 0x00, 0x00, 0x30,
    0x00, 0x00, 0x30, 0x00, 0x00, 0x00, 0x00, 0x00, 0x00, 0x00, 0x00, 0x00, 0x00, 0x00, 0x00, 0x00,
    0x00, 0x00, 0x00, 0x00, 0x00, 0x00, 0x00, 0x00, 0x00, 0x00, 0x00, 0x00, 0x00, 0x00, 0x00, 0x00,
    0x00, 0x00, 0x00, 0x00, 0x00, 0x00, 0x33, 0xE1, 0xE0, 0x3F, 0xF7, 0xF0, 0x3C, 0x3E, 0x38, 0x38,
    0x38, 0x18, 0x38, 0x18, 0x18, 0x30, 0x18, 0x18, 0x30, 0x18, 0x18, 0x30, 0x18, 0x18, 0x30, 0x18,
    0x18, 0x30, 0x18, 0x18, 0x30, 0x18, 0x18, 0x30, 0x18, 0x18, 0x30, 0x18, 0x18, 0x00, 0x00, 0x00,
    0x00, 0x00, 0x00, 0x00, 0x00, 0x00, 0x00, 0x00, 0x00, 0x00, 0x00, 0x00, 0x00, 0x00, 0x00, 0x00,
    0x00, 0x00, 0x00, 0x00, 0x00, 0x00, 0x00, 0x00, 0x00, 0x00, 0x00, 0x00, 0x00, 0x00, 0x33, 0xE0,
    0x00, 0x3F, 0xF0, 0x00, 0x3C, 0x38, 0x00, 0x38, 0x18, 0x00, 0x38, 0x18, 0x00, 0x30, 0x18, 0x00,
    0x30, 0x18, 0x00, 0x30, 0x18, 0x00, 0x30, 0x18, 0x00, 0x30, 0x18, 0x00, 0x30, 0x18, 0x00, 0x30,
    0x18, 0x00, 0x30, 0x18, 0x00, 0x00, 0x00, 0x00, 0x00, 0x00, 0x00, 0x00, 0x00, 0x00, 0x00, 0x00,
    0x00, 0x00, 0x00, 0x00, 0x00, 0x00, 0x00, 0x00, 0x00, 0x00, 0x00, 0x00, 0x00, 0x00, 0x00, 0x00,
    0x00, 0x00, 0x00, 0x00, 0x00, 0x00, 0x07, 0xC0, 0x00, 0x1F, 0xE0, 0x00, 0x38, 0x70, 0x00, 0x30,
    0x38, 0x00, 0x30, 0x18, 0x00, 0x70, 0x18, 0x00, 0x70, 0x18, 0x00, 0x70, 0x18, 0x00, 0x30, 0x18,
    0x00, 0x30, 0x38, 0x00, 0x38, 0x70, 0x00, 0x1F, 0xE0, 0x00, 0x07, 0xC0, 0x00, 0x00, 0x00, 0x00,
    0x00, 0x00, 0x00, 0x00, 0x00, 0x00, 0x00, 0x00, 0x00, 0x00, 0x00, 0x00, 0x00, 0x00, 0x00, 0x00,
    0x00, 0x00, 0x00, 0x00, 0x00, 0x00, 0x00, 0x00, 0x00, 0x00, 0x00, 0x00, 0x00, 0x00, 0x33, 0xE0,
    0x00, 0x3F, 0xF0, 0x00, 0x3C, 0x38, 0x00, 0x38, 0x18, 0x00, 0x38, 0x1C, 0x00, 0x30, 0x0C, 0x00,
    0x30, 0x0C, 0x00, 0x30, 0x0C, 0x00, 0x38, 0x1C, 0x00, 0x38, 0x18, 0x00, 0x3C, 0x38, 0x00, 0x3F,
    0xF0, 0x00, 0x33, 0xE0, 0x00, 0x30, 0x00, 0x00, 0x00, 0x00, 0x00, 0x00, 0x00, 0x00, 0x00, 0x00,
    0x00, 0x00, 0x00, 0x00, 0x00, 0x00, 0x00, 0x00, 0x00, 0x00, 0x00, 0x00, 0x00, 0x00, 0x00, 0x00,
    0x00, 0x00, 0x00, 0x00, 0x00, 0x00, 0x07, 0x98, 0x00, 0x1F, 0xF8, 0x00, 0x38, 0x78, 0x00, 0x30,
    0x38, 0x00, 0x30, 0x18, 0x00, 0x70, 0x18, 0x00, 0x70, 0x18, 0x00, 0x70, 0x18, 0x00, 0x30, 0x18,
    0x00, 0x30, 0x38, 0x00, 0x38, 0x78, 0x00, 0x1F, 0xF8, 0x00, 0x0F, 0x98, 0x00, 0x00, 0x18, 0x00,
    0x00, 0x00, 0x00, 0x00, 0x00, 0x00, 0x00, 0x00, 0x00, 0x00, 0x00, 0x00, 0x00, 0x00, 0x00, 0x00,
    0x00, 0x00, 0x00, 0x00, 0x00, 0x00, 0x00, 0x00, 0x00, 0x00, 0x00, 0x00, 0x00, 0x00, 0x33, 0xC0,
    0x00, 0x3F, 0xC0, 0x00, 0x3C, 0x00, 0x00, 0x38, 0x00, 0x00, 0x38, 0x00, 0x00, 0x30, 0x00, 0x00,
    0x30, 0x00, 0x00, 0x30, 0x00, 0x00, 0x30, 0x00, 0x00, 0x30, 0x00, 0x00, 0x30, 0x00, 0x00, 0x30,
    0x00, 0x00, 0x30, 0x00, 0x00, 0x00, 0x00, 0x00, 0x00, 0x00, 0x00, 0x00, 0x00, 0x00, 0x00, 0x00,
    0x00, 0x00, 0x00, 0x00, 0x00, 0x00, 0x00, 0x00, 0x00, 0x00, 0x00, 0x00, 0x00, 0x00, 0x00, 0x00,
    0x00, 0x00, 0x00, 0x00, 0x00, 0x00, 0x0F, 0x80, 0x00, 0x3F, 0xE0, 0x00, 0x30, 0x60, 0x00, 0x70,
    0x00, 0x00, 0x30, 0x00, 0x00, 0x3C, 0x00, 0x00, 0x1F, 0x80, 0x00, 0x01, 0xE0, 0x00, 0x00, 0x60,
    0x00, 0x00, 0x60, 0x00, 0x60, 0xE0, 0x00, 0x7F, 0xC0, 0x00, 0x1F, 0x80, 0x00, 0x00, 0x00, 0x00,
    0x00, 0x00, 0x00, 0x00, 0x00, 0x00, 0x00, 0x00, 0x00, 0x00, 0x00, 0x00, 0x00, 0x00, 0x00, 0x00,
    0x00, 0x00, 0x30, 0x00, 0x00, 0x30, 0x00, 0x00, 0x30, 0x00, 0x00, 0x30, 0x00, 0x00, 0x7F, 0x80,
    0x00, 0x7F, 0x80, 0x00, 0x30, 0x00, 0x00, 0x30, 0x00, 0x00, 0x30, 0x00, 0x00, 0x30, 0x00, 0x00,
    0x30, 0x00, 0x00, 0x30, 0x00, 0x00, 0x30, 0x00, 0x00, 0x30, 0x00, 0x00, 0x38, 0x00, 0x00, 0x1F,
    0x80, 0x00, 0x0F, 0x80, 0x00, 0x00, 0x00, 0x00, 0x00, 0x00, 0x00, 0x00, 0x00, 0x00, 0x00, 0x00,
    0x00, 0x00, 0x00, 0x00, 0x00, 0x00, 0x00, 0x00, 0x00, 0x00, 0x00, 0x00, 0x00, 0x00, 0x00, 0x00,
    0x00, 0x00, 0x00, 0x00, 0x00, 0x00, 0x30, 0x18, 0x00, 0x30, 0x18, 0x00, 0x30, 0x18, 0x00, 0x30,
    0x18, 0x00, 0x30, 0x18, 0x00, 0x30, 0x18, 0x00, 0x30, 0x18, 0x00, 0x30, 0x18, 0x00, 0x30, 0x18,
    0x00, 0x38, 0x38, 0x00, 0x18, 0x78, 0x00, 0x1F, 0xF8, 0x00, 0x0F, 0x98, 0x00, 0x00, 0x00, 0x00,
    0x00, 0x00, 0x00, 0x00, 0x00, 0x00, 0x00, 0x00, 0x00, 0x00, 0x00, 0x00, 0x00, 0x00, 0x00, 0x00,
    0x00, 0x00, 0x00, 0x00, 0x00, 0x00, 0x00, 0x00, 0x00, 0x00, 0x00, 0x00, 0x00, 0x00, 0x60, 0x18,
    0x00, 0x70, 0x18, 0x00, 0x30, 0x38, 0x00, 0x30, 0x30, 0x00, 0x38, 0x30, 0x00, 0x18, 0x60, 0x00,
    0x18, 0x60, 0x00, 0x0C, 0xE0, 0x00, 0x0C, 0xC0, 0x00, 0x0E, 0xC0, 0x00, 0x07, 0xC0, 0x00, 0x07,
    0x80, 0x00, 0x07, 0x80, 0x00, 0x00, 0x00, 0x00, 0x00, 0x00, 0x00, 0x00, 0x00, 0x00, 0x00, 0x00,
    0x00, 0x00, 0x00, 0x00, 0x00, 0x00, 0x00, 0x00, 0x00, 0x00, 0x00, 0x00, 0x00, 0x00, 0x00, 0x00,
    0x00, 0x00, 0x00, 0x00, 0x00, 0x00, 0x60, 0xE0, 0xC0, 0x70, 0xE0, 0xC0, 0x30, 0xF0, 0xC0, 0x30,
    0xF0, 0xC0, 0x31, 0xB1, 0x80, 0x39, 0x99, 0x80, 0x19, 0x99, 0x80, 0x19, 0x1B, 0x80, 0x1B, 0x1B,
    0x00, 0x0F, 0x0F, 0x00, 0x0F, 0x0F, 0x00, 0x0E, 0x0F, 0x00, 0x0E, 0x06, 0x00, 0x00, 0x00, 0x00,
    0x00, 0x00, 0x00, 0x00, 0x00, 0x00, 0x00, 0x00, 0x00, 0x00, 0x00, 0x00, 0x00, 0x00, 0x00, 0x00,
    0x00, 0x00, 0x00, 0x00, 0x00, 0x00, 0x00, 0x00, 0x00, 0x00, 0x00, 0x00, 0x00, 0x00, 0x70, 0x38,
    0x00, 0x38, 0x70, 0x00, 0x1C, 0x60, 0x00, 0x0C, 0xE0, 0x00, 0x07, 0xC0, 0x00, 0x07, 0x80, 0x00,
    0x03, 0x80, 0x00, 0x07, 0x80, 0x00, 0x0E, 0xC0, 0x00, 0x1C, 0xE0, 0x00, 0x18, 0x70, 0x00, 0x30,
    0x30, 0x00, 0x70, 0x38, 0x00, 0x00, 0x00, 0x00, 0x00, 0x00, 0x00, 0x00, 0x00, 0x00, 0x00, 0x00,
    0x00, 0x00, 0x00, 0x00, 0x00, 0x00, 0x00, 0x00, 0x00, 0x00, 0x00, 0x00, 0x00, 0x00, 0x00, 0x00,
    0x00, 0x00, 0x00, 0x00, 0x00, 0x00, 0x60, 0x18, 0x00, 0x70, 0x18, 0x00, 0x30, 0x30, 0x00, 0x30,
    0x30, 0x00, 0x18, 0x70, 0x00, 0x18, 0x60, 0x00, 0x1C, 0x60, 0x00, 0x0C, 0xC0, 0x00, 0x0C, 0xC0,
    0x00, 0x07, 0xC0, 0x00, 0x07, 0x80, 0x00, 0x03, 0x80, 0x00, 0x03, 0x00, 0x00, 0x03, 0x00, 0x00,
    0x00, 0x00, 0x00, 0x00, 0x00, 0x00, 0x00, 0x00, 0x00, 0x00, 0x00, 0x00, 0x00, 0x00, 0x00, 0x00,
    0x00, 0x00, 0x00, 0x00, 0x00, 0x00, 0x00, 0x00, 0x00, 0x00, 0x00, 0x00, 0x00, 0x00, 0x7F, 0xF0,
    0x00, 0x7F, 0xF0, 0x00, 0x00, 0x60, 0x00, 0x00, 0xC0, 0x00, 0x01, 0x80, 0x00, 0x03, 0x00, 0x00,
    0x06, 0x00, 0x00, 0x0E, 0x00, 0x00, 0x1C, 0x00, 0x00, 0x38, 0x00, 0x00, 0x30, 0x00, 0x00, 0x7F,
    0xF0, 0x00, 0x7F, 0xF0, 0x00, 0x00, 0x00, 0x00, 0x00, 0x00, 0x00, 0x00, 0x00, 0x00, 0x00, 0x00,
    0x00, 0x00, 0x00, 0x00, 0x00, 0x00, 0x00, 0x00, 0xF0, 0x00, 0x01, 0xF0, 0x00, 0x01, 0x80, 0x00,
    0x01, 0x80, 0x00, 0x01, 0x80, 0x00, 0x01, 0x80, 0x00, 0x01, 0x80, 0x00, 0x01, 0x80, 0x00, 0x03,
    0x80, 0x00, 0x03, 0x00, 0x00, 0x1F, 0x00, 0x00, 0x1F, 0x00, 0x00, 0x03, 0x00, 0x00, 0x03, 0x80,
    0x00, 0x01, 0x80, 0x00, 0x01, 0x80, 0x00, 0x01, 0x80, 0x00, 0x01, 0x80, 0x00, 0x01, 0x80, 0x00,
    0x00, 0x00, 0x00, 0x00, 0x00, 0x00, 0x00, 0x00, 0x00, 0x00, 0x00, 0x00, 0x00, 0x00, 0x00, 0x18,
    0x00, 0x00, 0x18, 0x00, 0x00, 0x18, 0x00, 0x00, 0x18, 0x00, 0x00, 0x18, 0x00, 0x00, 0x18, 0x00,
    0x00, 0x18, 0x00, 0x00, 0x18, 0x00, 0x00, 0x18, 0x00, 0x00, 0x18, 0x00, 0x00, 0x18, 0x00, 0x00,
    0x18, 0x00, 0x00, 0x18, 0x00, 0x00, 0x18, 0x00, 0x00, 0x18, 0x00, 0x00, 0x18, 0x00, 0x00, 0x18,
    0x00, 0x00, 0x18, 0x00, 0x00, 0x18, 0x00, 0x00, 0x00, 0x00, 0x00, 0x00, 0x00, 0x00, 0x00, 0x00,
    0x00, 0x00, 0x00, 0x00, 0x00, 0x00, 0x00, 0x1E, 0x00, 0x00, 0x1F, 0x00, 0x00, 0x03, 0x00, 0x00,
    0x03, 0x80, 0x00, 0x03, 0x80, 0x00, 0x03, 0x80, 0x00, 0x03, 0x80, 0x00, 0x03, 0x80, 0x00, 0x01,
    0x80, 0x00, 0x01, 0x80, 0x00, 0x00, 0xF0, 0x00, 0x00, 0xF0, 0x00, 0x01, 0xC0, 0x00, 0x01, 0x80,
    0x00, 0x03, 0x80, 0x00, 0x03, 0x80, 0x00, 0x03, 0x80, 0x00, 0x03, 0x80, 0x00, 0x03, 0x80, 0x00,
    0x00, 0x00, 0x00, 0x00, 0x00, 0x00, 0x00, 0x00, 0x00, 0x00, 0x00, 0x00, 0x00, 0x00, 0x00, 0x00,
    0x00, 0x00, 0x00, 0x00, 0x00, 0x00, 0x00, 0x00, 0x00, 0x00, 0x00, 0x00, 0x00, 0x00, 0x00, 0x00,
    0x00, 0x00, 0x00, 0x00, 0x00, 0x00, 0x00, 0x00, 0x00, 0x00, 0x07, 0x80, 0x40, 0x1F, 0xE1, 0xC0,
    0x18, 0x7F, 0x80, 0x00, 0x1E, 0x00, 0x00, 0x00, 0x00, 0x00, 0x00, 0x00, 0x00, 0x00, 0x00, 0x00,
    0x00, 0x00, 0x00, 0x00, 0x00, 0x00, 0x00, 0x00,
};
static const uint8_t aurora_font_24_widths[] = {
    0x08, 0x0A, 0x0B, 0x14, 0x0F, 0x17, 0x13, 0x07, 0x09, 0x09, 0x0C, 0x14, 0x08, 0x09, 0x08, 0x08, 0x0F, 0x0F, 0x0F, 0x0F, 0x0F, 0x0F, 0x0F, 0x0F, 0x0F, 0x0F, 0x08, 0x08, 0x14, 0x14, 0x14, 0x0D, 0x18, 0x10, 0x10, 0x11, 0x12, 0x0F, 0x0E, 0x13, 0x12, 0x07, 0x07, 0x10, 0x0D, 0x15, 0x12, 0x13, 0x0E, 0x13, 0x11, 0x0F, 0x0F, 0x12, 0x10, 0x18, 0x10, 0x0F, 0x10, 0x09, 0x08, 0x09, 0x14, 0x0C, 0x0C, 0x0F, 0x0F, 0x0D, 0x0F, 0x0F, 0x08, 0x0F, 0x0F, 0x07, 0x07, 0x0E, 0x07, 0x17, 0x0F, 0x0F, 0x0F, 0x0F, 0x0A, 0x0C, 0x09, 0x0F, 0x0E, 0x14, 0x0E, 0x0E, 0x0D, 0x0F, 0x08, 0x0F, 0x14
};
static const uint8_t aurora_font_32_bits[] = {
    0x00, 0x00, 0x00, 0x00, 0x00, 0x00, 0x00, 0x00, 0x00, 0x00, 0x00, 0x00, 0x00, 0x00, 0x00, 0x00,
    0x00, 0x00, 0x00, 0x00, 0x00, 0x00, 0x00, 0x00, 0x00, 0x00, 0x00, 0x00, 0x00, 0x00, 0x00, 0x00,
    0x00, 0x00, 0x00, 0x00, 0x00, 0x00, 0x00, 0x00, 0x00, 0x00, 0x00, 0x00, 0x00, 0x00, 0x00, 0x00,
    0x00, 0x00, 0x00, 0x00, 0x00, 0x00, 0x00, 0x00, 0x00, 0x00, 0x00, 0x00, 0x00, 0x00, 0x00, 0x00,
    0x00, 0x00, 0x00, 0x00, 0x00, 0x00, 0x00, 0x00, 0x00, 0x00, 0x00, 0x00, 0x00, 0x00, 0x00, 0x00,
    0x00, 0x00, 0x00, 0x00, 0x00, 0x00, 0x00, 0x00, 0x00, 0x00, 0x00, 0x00, 0x00, 0x00, 0x00, 0x00,
    0x00, 0x00, 0x00, 0x00, 0x00, 0x00, 0x00, 0x00, 0x00, 0x00, 0x00, 0x00, 0x00, 0x00, 0x00, 0x00,
    0x00, 0x00, 0x00, 0x00, 0x00, 0x00, 0x00, 0x00, 0x00, 0x00, 0x00, 0x00, 0x00, 0x00, 0x00, 0x00,
    0x00, 0x00, 0x00, 0x00, 0x00, 0x00, 0x00, 0x00, 0x00, 0x00, 0x00, 0x00, 0x00, 0x00, 0x00, 0x00,
    0x00, 0x00, 0x00, 0x00, 0x00, 0x00, 0x00, 0x00, 0x00, 0x00, 0x00, 0x00, 0x07, 0x00, 0x00, 0x00,
    0x07, 0x00, 0x00, 0x00, 0x07, 0x00, 0x00, 0x00, 0x07, 0x00, 0x00, 0x00, 0x07, 0x00, 0x00, 0x00,
    0x07, 0x00, 0x00, 0x00, 0x07, 0x00, 0x00, 0x00, 0x07, 0x00, 0x00, 0x00, 0x07, 0x00, 0x00, 0x00,
    0x07, 0x00, 0x00, 0x00, 0x07, 0x00, 0x00, 0x00, 0x07, 0x00, 0x00, 0x00, 0x07, 0x00, 0x00, 0x00,
    0x07, 0x00, 0x00, 0x00, 0x07, 0x00, 0x00, 0x00, 0x00, 0x00, 0x00, 0x00, 0x00, 0x00, 0x00, 0x00,
    0x00, 0x00, 0x00, 0x00, 0x00, 0x00, 0x00, 0x00, 0x07, 0x00, 0x00, 0x00, 0x07, 0x00, 0x00, 0x00,
    0x07, 0x00, 0x00, 0x00, 0x07, 0x00, 0x00, 0x00, 0x00, 0x00, 0x00, 0x00, 0x00, 0x00, 0x00, 0x00,
    0x00, 0x00, 0x00, 0x00, 0x00, 0x00, 0x00, 0x00, 0x00, 0x00, 0x00, 0x00, 0x00, 0x00, 0x00, 0x00,
    0x00, 0x00, 0x00, 0x00, 0x00, 0x00, 0x00, 0x00, 0x00, 0x00, 0x00, 0x00, 0x1C, 0x70, 0x00, 0x00,
    0x1C, 0x70, 0x00, 0x00, 0x1C, 0x70, 0x00, 0x00, 0x1C, 0x70, 0x00, 0x00, 0x1C, 0x70, 0x00, 0x00,
    0x1C, 0x70, 0x00, 0x00, 0x1C, 0x70, 0x00, 0x00, 0x1C, 0x70, 0x00, 0x00, 0x1C, 0x70, 0x00, 0x00,
    0x00, 0x00, 0x00, 0x00, 0x00, 0x00, 0x00, 0x00, 0x00, 0x00, 0x00, 0x00, 0x00, 0x00, 0x00, 0x00,
    0x00, 0x00, 0x00, 0x00, 0x00, 0x00, 0x00, 0x00, 0x00, 0x00, 0x00, 0x00, 0x00, 0x00, 0x00, 0x00,
    0x00, 0x00, 0x00, 0x00, 0x00, 0x00, 0x00, 0x00, 0x00, 0x00, 0x00, 0x00, 0x00, 0x00, 0x00, 0x00,
    0x00, 0x00, 0x00, 0x00, 0x00, 0x00, 0x00, 0x00, 0x00, 0x00, 0x00, 0x00, 0x00, 0x00, 0x00, 0x00,
    0x00, 0x00, 0x00, 0x00, 0x00, 0x00, 0x00, 0x00, 0x00, 0x00, 0x00, 0x00, 0x00, 0x00, 0x00, 0x00,
    0x00, 0x00, 0x00, 0x00, 0x00, 0x00, 0x00, 0x00, 0x00, 0x00, 0x00, 0x00, 0x00, 0x1C, 0x38, 0x00,
    0x00, 0x1C, 0x38, 0x00, 0x00, 0x18, 0x30, 0x00, 0x00, 0x18, 0x30, 0x00, 0x00, 0x38, 0x70, 0x00,
    0x00, 0x38, 0x70, 0x00, 0x0F, 0xFF, 0xFF, 0x00, 0x0F, 0xFF, 0xFF, 0x00, 0x0F, 0xFF, 0xFF, 0x00,
    0x00, 0x70, 0xE0, 0x00, 0x00, 0x60, 0xC0, 0x00, 0x00, 0x60, 0xC0, 0x00, 0x00, 0xE1, 0xC0, 0x00,
    0x00, 0xE1, 0xC0, 0x00, 0x3F, 0xFF, 0xFE, 0x00, 0x3F, 0xFF, 0xFE, 0x00, 0x3F, 0xFF, 0xFE, 0x00,
    0x01, 0xC3, 0x80, 0x00, 0x01, 0x83, 0x80, 0x00, 0x01, 0x83, 0x00, 0x00, 0x03, 0x83, 0x00, 0x00,
    0x03, 0x87, 0x00, 0x00, 0x03, 0x06, 0x00, 0x00, 0x00, 0x00, 0x00, 0x00, 0x00, 0x00, 0x00, 0x00,
    0x00, 0x00, 0x00, 0x00, 0x00, 0x00, 0x00, 0x00, 0x00, 0x00, 0x00, 0x00, 0x00, 0x00, 0x00, 0x00,
    0x00, 0x00, 0x00, 0x00, 0x00, 0x60, 0x00, 0x00, 0x00, 0x60, 0x00, 0x00, 0x00, 0x60, 0x00, 0x00,
    0x00, 0x60, 0x00, 0x00, 0x01, 0xFC, 0x00, 0x00, 0x07, 0xFF, 0x00, 0x00, 0x0F, 0xFF, 0x00, 0x00,
    0x1E, 0x63, 0x00, 0x00, 0x1C, 0x60, 0x00, 0x00, 0x1C, 0x60, 0x00, 0x00, 0x1C, 0x60, 0x00, 0x00,
    0x1C, 0x60, 0x00, 0x00, 0x1E, 0x60, 0x00, 0x00, 0x0F, 0xF0, 0x00, 0x00, 0x07, 0xFE, 0x00, 0x00,
    0x00, 0xFF, 0x00, 0x00, 0x00, 0x6F, 0x80, 0x00, 0x00, 0x63, 0x80, 0x00, 0x00, 0x61, 0xC0, 0x00,
    0x00, 0x61, 0xC0, 0x00, 0x00, 0x63, 0xC0, 0x00, 0x10, 0x67, 0x80, 0x00, 0x1F, 0xFF, 0x80, 0x00,
    0x1F, 0xFF, 0x00, 0x00, 0x07, 0xF8, 0x00, 0x00, 0x00, 0x60, 0x00, 0x00, 0x00, 0x60, 0x00, 0x00,
    0x00, 0x00, 0x00, 0x00, 0x00, 0x00, 0x00, 0x00, 0x00, 0x00, 0x00, 0x00, 0x00, 0x00, 0x00, 0x00,
    0x00, 0x00, 0x00, 0x00, 0x00, 0x00, 0x00, 0x00, 0x00, 0x00, 0x00, 0x00, 0x07, 0x80, 0x06, 0x00,
    0x0F, 0xE0, 0x0E, 0x00, 0x1C, 0x70, 0x0C, 0x00, 0x38, 0x70, 0x1C, 0x00, 0x38, 0x30, 0x38, 0x00,
    0x30, 0x30, 0x30, 0x00, 0x30, 0x38, 0x70, 0x00, 0x30, 0x30, 0xE0, 0x00, 0x38, 0x30, 0xC0, 0x00,
    0x38, 0x71, 0xC0, 0x00, 0x1C, 0x71, 0x87, 0xC0, 0x1F, 0xE3, 0x0F, 0xE0, 0x07, 0x87, 0x1C, 0x70,
    0x00, 0x06, 0x38, 0x70, 0x00, 0x0E, 0x38, 0x30, 0x00, 0x1C, 0x30, 0x38, 0x00, 0x18, 0x30, 0x38,
    0x00, 0x38, 0x30, 0x38, 0x00, 0x30, 0x38, 0x30, 0x00, 0x60, 0x38, 0x70, 0x00, 0xE0, 0x1C, 0x70,
    0x00, 0xC0, 0x0F, 0xE0, 0x01, 0x80, 0x07, 0xC0, 0x00, 0x00, 0x00, 0x00, 0x00, 0x00, 0x00, 0x00,
    0x00, 0x00, 0x00, 0x00, 0x00, 0x00, 0x00, 0x00, 0x00, 0x00, 0x00, 0x00, 0x00, 0x00, 0x00, 0x00,
    0x00, 0x00, 0x00, 0x00, 0x00, 0x00, 0x00, 0x00, 0x00, 0x00, 0x00, 0x00, 0x00, 0xFC, 0x00, 0x00,
    0x03, 0xFF, 0x00, 0x00, 0x07, 0xFF, 0x00, 0x00, 0x07, 0x83, 0x00, 0x00, 0x07, 0x00, 0x00, 0x00,
    0x07, 0x00, 0x00, 0x00, 0x07, 0x00, 0x00, 0x00, 0x07, 0x80, 0x00, 0x00, 0x03, 0xC0, 0x00, 0x00,
    0x07, 0xE0, 0x00, 0x00, 0x0E, 0xF0, 0x0E, 0x00, 0x1C, 0x78, 0x0E, 0x00, 0x1C, 0x3C, 0x0C, 0x00,
    0x38, 0x1E, 0x1C, 0x00, 0x38, 0x0F, 0x1C, 0x00, 0x38, 0x07, 0xB8, 0x00, 0x38, 0x03, 0xF0, 0x00,
    0x3C, 0x01, 0xF0, 0x00, 0x1E, 0x01, 0xF0, 0x00, 0x1F, 0x03, 0xF8, 0x00, 0x0F, 0xFF, 0xBC, 0x00,
    0x07, 0xFF, 0x1E, 0x00, 0x01, 0xFC, 0x0F, 0x00, 0x00, 0x00, 0x00, 0x00, 0x00, 0x00, 0x00, 0x00,
    0x00, 0x00, 0x00, 0x00, 0x00, 0x00, 0x00, 0x00, 0x00, 0x00, 0x00, 0x00, 0x00, 0x00, 0x00, 0x00,
    0x00, 0x00, 0x00, 0x00, 0x00, 0x00, 0x00, 0x00, 0x00, 0x00, 0x00, 0x00, 0x1C, 0x00, 0x00, 0x00,
    0x1C, 0x00, 0x00, 0x00, 0x1C, 0x00, 0x00, 0x00, 0x1C, 0x00, 0x00, 0x00, 0x1C, 0x00, 0x00, 0x00,
    0x1C, 0x00, 0x00, 0x00, 0x1C, 0x00, 0x00, 0x00, 0x1C, 0x00, 0x00, 0x00, 0x1C, 0x00, 0x00, 0x00,
    0x00, 0x00, 0x00, 0x00, 0x00, 0x00, 0x00, 0x00, 0x00, 0x00, 0x00, 0x00, 0x00, 0x00, 0x00, 0x00,
    0x00, 0x00, 0x00, 0x00, 0x00, 0x00, 0x00, 0x00, 0x00, 0x00, 0x00, 0x00, 0x00, 0x00, 0x00, 0x00,
    0x00, 0x00, 0x00, 0x00, 0x00, 0x00, 0x00, 0x00, 0x00, 0x00, 0x00, 0x00, 0x00, 0x00, 0x00, 0x00,
    0x00, 0x00, 0x00, 0x00, 0x00, 0x00, 0x00, 0x00, 0x00, 0x00, 0x00, 0x00, 0x00, 0x00, 0x00, 0x00,
    0x00, 0x00, 0x00, 0x00, 0x00, 0x00, 0x00, 0x00, 0x00, 0x00, 0x00, 0x00, 0x00, 0x00, 0x00, 0x00,
    0x00, 0x00, 0x00, 0x00, 0x00, 0x00, 0x00, 0x00, 0x01, 0xC0, 0x00, 0x00, 0x01, 0x80, 0x00, 0x00,
    0x03, 0x80, 0x00, 0x00, 0x07, 0x00, 0x00, 0x00, 0x07, 0x00, 0x00, 0x00, 0x06, 0x00, 0x00, 0x00,
    0x0E, 0x00, 0x00, 0x00, 0x0E, 0x00, 0x00, 0x00, 0x0C, 0x00, 0x00, 0x00, 0x1C, 0x00, 0x00, 0x00,
    0x1C, 0x00, 0x00, 0x00, 0x1C, 0x00, 0x00, 0x00, 0x1C, 0x00, 0x00, 0x00, 0x1C, 0x00, 0x00, 0x00,
    0x1C, 0x00, 0x00, 0x00, 0x1C, 0x00, 0x00, 0x00, 0x1C, 0x00, 0x00, 0x00, 0x1C, 0x00, 0x00, 0x00,
    0x1C, 0x00, 0x00, 0x00, 0x1C, 0x00, 0x00, 0x00, 0x0C, 0x00, 0x00, 0x00, 0x0E, 0x00, 0x00, 0x00,
    0x0E, 0x00, 0x00, 0x00, 0x06, 0x00, 0x00, 0x00, 0x07, 0x00, 0x00, 0x00, 0x07, 0x00, 0x00, 0x00,
    0x00, 0x00, 0x00, 0x00, 0x00, 0x00, 0x00, 0x00, 0x00, 0x00, 0x00, 0x00, 0x00, 0x00, 0x00, 0x00,
    0x00, 0x00, 0x00, 0x00, 0x00, 0x00, 0x00, 0x00, 0x18, 0x00, 0x00, 0x00, 0x1C, 0x00, 0x00, 0x00,
    0x0C, 0x00, 0x00, 0x00, 0x0E, 0x00, 0x00, 0x00, 0x06, 0x00, 0x00, 0x00, 0x07, 0x00, 0x00, 0x00,
    0x07, 0x00, 0x00, 0x00, 0x03, 0x80, 0x00, 0x00, 0x03, 0x80, 0x00, 0x00, 0x03, 0x80, 0x00, 0x00,
    0x03, 0x80, 0x00, 0x00, 0x03, 0xC0, 0x00, 0x00, 0x01, 0xC0, 0x00, 0x00, 0x01, 0xC0, 0x00, 0x00,
    0x01, 0xC0, 0x00, 0x00, 0x01, 0xC0, 0x00, 0x00, 0x01, 0xC0, 0x00, 0x00, 0x03, 0xC0, 0x00, 0x00,
    0x03, 0x80, 0x00, 0x00, 0x03, 0x80, 0x00, 0x00, 0x03, 0x80, 0x00, 0x00, 0x03, 0x80, 0x00, 0x00,
    0x07, 0x00, 0x00, 0x00, 0x07, 0x00, 0x00, 0x00, 0x06, 0x00, 0x00, 0x00, 0x0E, 0x00, 0x00, 0x00,
    0x00, 0x00, 0x00, 0x00, 0x00, 0x00, 0x00, 0x00, 0x00, 0x00, 0x00, 0x00, 0x00, 0x00, 0x00, 0x00,
    0x00, 0x00, 0x00, 0x00, 0x00, 0x00, 0x00, 0x00, 0x00, 0x00, 0x00, 0x00, 0x01, 0x80, 0x00, 0x00,
    0x01, 0x80, 0x00, 0x00, 0x21, 0x84, 0x00, 0x00, 0x71, 0x8E, 0x00, 0x00, 0x3D, 0xBC, 0x00, 0x00,
    0x0F, 0xF0, 0x00, 0x00, 0x03, 0xC0, 0x00, 0x00, 0x03, 0xC0, 0x00, 0x00, 0x0F, 0xF0, 0x00, 0x00,
    0x3D, 0xBC, 0x00, 0x00, 0x71, 0x8E, 0x00, 0x00, 0x21, 0x84, 0x00, 0x00, 0x01, 0x80, 0x00, 0x00,
    0x01, 0x80, 0x00, 0x00, 0x00, 0x00, 0x00, 0x00, 0x00, 0x00, 0x00, 0x00, 0x00, 0x00, 0x00, 0x00,
    0x00, 0x00, 0x00, 0x00, 0x00, 0x00, 0x00, 0x00, 0x00, 0x00, 0x00, 0x00, 0x00, 0x00, 0x00, 0x00,
    0x00, 0x00, 0x00, 0x00, 0x00, 0x00, 0x00, 0x00, 0x00, 0x00, 0x00, 0x00, 0x00, 0x00, 0x00, 0x00,
    0x00, 0x00, 0x00, 0x00, 0x00, 0x00, 0x00, 0x00, 0x00, 0x00, 0x00, 0x00, 0x00, 0x00, 0x00, 0x00,
    0x00, 0x00, 0x00, 0x00, 0x00, 0x00, 0x00, 0x00, 0x00, 0x00, 0x00, 0x00, 0x00, 0x00, 0x00, 0x00,
    0x00, 0x00, 0x00, 0x00, 0x00, 0x0E, 0x00, 0x00, 0x00, 0x0E, 0x00, 0x00, 0x00, 0x0E, 0x00, 0x00,
    0x00, 0x0E, 0x00, 0x00, 0x00, 0x0E, 0x00, 0x00, 0x00, 0x0E, 0x00, 0x00, 0x00, 0x0E, 0x00, 0x00,
    0x00, 0x0E, 0x00, 0x00, 0x00, 0x0E, 0x00, 0x00, 0x1F, 0xFF, 0xFE, 0x00, 0x1F, 0xFF, 0xFE, 0x00,
    0x1F, 0xFF, 0xFE, 0x00, 0x00, 0x0E, 0x00, 0x00, 0x00, 0x0E, 0x00, 0x00, 0x00, 0x0E, 0x00, 0x00,
    0x00, 0x0E, 0x00, 0x00, 0x00, 0x0E, 0x00, 0x00, 0x00, 0x0E, 0x00, 0x00, 0x00, 0x0E, 0x00, 0x00,
    0x00, 0x0E, 0x00, 0x00, 0x00, 0x0E, 0x00, 0x00, 0x00, 0x00, 0x00, 0x00, 0x00, 0x00, 0x00, 0x00,
    0x00, 0x00, 0x00, 0x00, 0x00, 0x00, 0x00, 0x00, 0x00, 0x00, 0x00, 0x00, 0x00, 0x00, 0x00, 0x00,
    0x00, 0x00, 0x00, 0x00, 0x00, 0x00, 0x00, 0x00, 0x00, 0x00, 0x00, 0x00, 0x00, 0x00, 0x00, 0x00,
    0x00, 0x00, 0x00, 0x00, 0x00, 0x00, 0x00, 0x00, 0x00, 0x00, 0x00, 0x00, 0x00, 0x00, 0x00, 0x00,
    0x00, 0x00, 0x00, 0x00, 0x00, 0x00, 0x00, 0x00, 0x00, 0x00, 0x00, 0x00, 0x00, 0x00, 0x00, 0x00,
    0x00, 0x00, 0x00, 0x00, 0x00, 0x00, 0x00, 0x00, 0x00, 0x00, 0x00, 0x00, 0x00, 0x00, 0x00, 0x00,
    0x00, 0x00, 0x00, 0x00, 0x00, 0x00, 0x00, 0x00, 0x00, 0x00, 0x00, 0x00, 0x00, 0x00, 0x00, 0x00,
    0x00, 0x00, 0x00, 0x00, 0x00, 0x00, 0x00, 0x00, 0x0E, 0x00, 0x00, 0x00, 0x0E, 0x00, 0x00, 0x00,
    0x0E, 0x00, 0x00, 0x00, 0x0E, 0x00, 0x00, 0x00, 0x1C, 0x00, 0x00, 0x00, 0x1C, 0x00, 0x00, 0x00,
    0x00, 0x00, 0x00, 0x00, 0x00, 0x00, 0x00, 0x00, 0x00, 0x00, 0x00, 0x00, 0x00, 0x00, 0x00, 0x00,
    0x00, 0x00, 0x00, 0x00, 0x00, 0x00, 0x00, 0x00, 0x00, 0x00, 0x00, 0x00, 0x00, 0x00, 0x00, 0x00,
    0x00, 0x00, 0x00, 0x00, 0x00, 0x00, 0x00, 0x00, 0x00, 0x00, 0x00, 0x00, 0x00, 0x00, 0x00, 0x00,
    0x00, 0x00, 0x00, 0x00, 0x00, 0x00, 0x00, 0x00, 0x00, 0x00, 0x00, 0x00, 0x00, 0x00, 0x00, 0x00,
    0x00, 0x00, 0x00, 0x00, 0x00, 0x00, 0x00, 0x00, 0x00, 0x00, 0x00, 0x00, 0x00, 0x00, 0x00, 0x00,
    0x3F, 0xC0, 0x00, 0x00, 0x3F, 0xC0, 0x00, 0x00, 0x3F, 0xC0, 0x00, 0x00, 0x00, 0x00, 0x00, 0x00,
    0x00, 0x00, 0x00, 0x00, 0x00, 0x00, 0x00, 0x00, 0x00, 0x00, 0x00, 0x00, 0x00, 0x00, 0x00, 0x00,
    0x00, 0x00, 0x00, 0x00, 0x00, 0x00, 0x00, 0x00, 0x00, 0x00, 0x00, 0x00, 0x00, 0x00, 0x00, 0x00,
    0x00, 0x00, 0x00, 0x00, 0x00, 0x00, 0x00, 0x00, 0x00, 0x00, 0x00, 0x00, 0x00, 0x00, 0x00, 0x00,
    0x00, 0x00, 0x00, 0x00, 0x00, 0x00, 0x00, 0x00, 0x00, 0x00, 0x00, 0x00, 0x00, 0x00, 0x00, 0x00,
    0x00, 0x00, 0x00, 0x00, 0x00, 0x00, 0x00, 0x00, 0x00, 0x00, 0x00, 0x00, 0x00, 0x00, 0x00, 0x00,
    0x00, 0x00, 0x00, 0x00, 0x00, 0x00, 0x00, 0x00, 0x00, 0x00, 0x00, 0x00, 0x00, 0x00, 0x00, 0x00,
    0x00, 0x00, 0x00, 0x00, 0x00, 0x00, 0x00, 0x00, 0x00, 0x00, 0x00, 0x00, 0x00, 0x00, 0x00, 0x00,
    0x00, 0x00, 0x00, 0x00, 0x00, 0x00, 0x00, 0x00, 0x00, 0x00, 0x00, 0x00, 0x00, 0x00, 0x00, 0x00,
    0x00, 0x00, 0x00, 0x00, 0x00, 0x00, 0x00, 0x00, 0x1E, 0x00, 0x00, 0x00, 0x1E, 0x00, 0x00, 0x00,
    0x1E, 0x00, 0x00, 0x00, 0x1E, 0x00, 0x00, 0x00, 0x00, 0x00, 0x00, 0x00, 0x00, 0x00, 0x00, 0x00,
    0x00, 0x00, 0x00, 0x00, 0x00, 0x00, 0x00, 0x00, 0x00, 0x00, 0x00, 0x00, 0x00, 0x00, 0x00, 0x00,
    0x00, 0x00, 0x00, 0x00, 0x00, 0x00, 0x00, 0x00, 0x00, 0x00, 0x00, 0x00, 0x00, 0xE0, 0x00, 0x00,
    0x00, 0xC0, 0x00, 0x00, 0x01, 0xC0, 0x00, 0x00, 0x01, 0xC0, 0x00, 0x00, 0x01, 0x80, 0x00, 0x00,
    0x03, 0x80, 0x00, 0x00, 0x03, 0x80, 0x00, 0x00, 0x03, 0x00, 0x00, 0x00, 0x07, 0x00, 0x00, 0x00,
    0x07, 0x00, 0x00, 0x00, 0x06, 0x00, 0x00, 0x00, 0x06, 0x00, 0x00, 0x00, 0x0E, 0x00, 0x00, 0x00,
    0x0E, 0x00, 0x00, 0x00, 0x0C, 0x00, 0x00, 0x00, 0x1C, 0x00, 0x00, 0x00, 0x1C, 0x00, 0x00, 0x00,
    0x18, 0x00, 0x00, 0x00, 0x38, 0x00, 0x00, 0x00, 0x38, 0x00, 0x00, 0x00, 0x30, 0x00, 0x00, 0x00,
    0x70, 0x00, 0x00, 0x00, 0x70, 0x00, 0x00, 0x00, 0x60, 0x00, 0x00, 0x00, 0xE0, 0x00, 0x00, 0x00,
    0x00, 0x00, 0x00, 0x00, 0x00, 0x00, 0x00, 0x00, 0x00, 0x00, 0x00, 0x00, 0x00, 0x00, 0x00, 0x00,
    0x00, 0x00, 0x00, 0x00, 0x00, 0x00, 0x00, 0x00, 0x00, 0x00, 0x00, 0x00, 0x01, 0xF8, 0x00, 0x00,
    0x03, 0xFE, 0x00, 0x00, 0x07, 0xFF, 0x00, 0x00, 0x0F, 0x0F, 0x00, 0x00, 0x1E, 0x07, 0x80, 0x00,
    0x1C, 0x03, 0x80, 0x00, 0x1C, 0x03, 0xC0, 0x00, 0x3C, 0x01, 0xC0, 0x00, 0x38, 0x01, 0xC0, 0x00,
    0x38, 0x01, 0xC0, 0x00, 0x38, 0x01, 0xC0, 0x00, 0x38, 0x01, 0xC0, 0x00, 0x38, 0x01, 0xC0, 0x00,
    0x38, 0x01, 0xC0, 0x00, 0x38, 0x01, 0xC0, 0x00, 0x3C, 0x01, 0xC0, 0x00, 0x1C, 0x03, 0xC0, 0x00,
    0x1C, 0x03, 0x80, 0x00, 0x1E, 0x07, 0x80, 0x00, 0x0F, 0x0F, 0x00, 0x00, 0x07, 0xFF, 0x00, 0x00,
    0x03, 0xFE, 0x00, 0x00, 0x01, 0xF8, 0x00, 0x00, 0x00, 0x00, 0x00, 0x00, 0x00, 0x00, 0x00, 0x00,
    0x00, 0x00, 0x00, 0x00, 0x00, 0x00, 0x00, 0x00, 0x00, 0x00, 0x00, 0x00, 0x00, 0x00, 0x00, 0x00,
    0x00, 0x00, 0x00, 0x00, 0x00, 0x00, 0x00, 0x00, 0x00, 0x00, 0x00, 0x00, 0x03, 0xF0, 0x00, 0x00,
    0x0F, 0xF0, 0x00, 0x00, 0x0F, 0xF0, 0x00, 0x00, 0x0C, 0x70, 0x00, 0x00, 0x00, 0x70, 0x00, 0x00,
    0x00, 0x70, 0x00, 0x00, 0x00, 0x70, 0x00, 0x00, 0x00, 0x70, 0x00, 0x00, 0x00, 0x70, 0x00, 0x00,
    0x00, 0x70, 0x00, 0x00, 0x00, 0x70, 0x00, 0x00, 0x00, 0x70, 0x00, 0x00, 0x00, 0x70, 0x00, 0x00,
    0x00, 0x70, 0x00, 0x00, 0x00, 0x70, 0x00, 0x00, 0x00, 0x70, 0x00, 0x00, 0x00, 0x70, 0x00, 0x00,
    0x00, 0x70, 0x00, 0x00, 0x00, 0x70, 0x00, 0x00, 0x00, 0x70, 0x00, 0x00, 0x0F, 0xFF, 0x80, 0x00,
    0x0F, 0xFF, 0x80, 0x00, 0x0F, 0xFF, 0x80, 0x00, 0x00, 0x00, 0x00, 0x00, 0x00, 0x00, 0x00, 0x00,
    0x00, 0x00, 0x00, 0x00, 0x00, 0x00, 0x00, 0x00, 0x00, 0x00, 0x00, 0x00, 0x00, 0x00, 0x00, 0x00,
    0x00, 0x00, 0x00, 0x00, 0x00, 0x00, 0x00, 0x00, 0x00, 0x00, 0x00, 0x00, 0x07, 0xF0, 0x00, 0x00,
    0x3F, 0xFE, 0x00, 0x00, 0x3F, 0xFF, 0x00, 0x00, 0x18, 0x0F, 0x00, 0x00, 0x00, 0x07, 0x80, 0x00,
    0x00, 0x03, 0x80, 0x00, 0x00, 0x03, 0x80, 0x00, 0x00, 0x03, 0x80, 0x00, 0x00, 0x07, 0x80, 0x00,
    0x00, 0x07, 0x00, 0x00, 0x00, 0x0F, 0x00, 0x00, 0x00, 0x1E, 0x00, 0x00, 0x00, 0x3C, 0x00, 0x00,
    0x00, 0x78, 0x00, 0x00, 0x00, 0xF0, 0x00, 0x00, 0x01, 0xE0, 0x00, 0x00, 0x03, 0xC0, 0x00, 0x00,
    0x07, 0x80, 0x00, 0x00, 0x0F, 0x00, 0x00, 0x00, 0x1E, 0x00, 0x00, 0x00, 0x3F, 0xFF, 0x80, 0x00,
    0x3F, 0xFF, 0x80, 0x00, 0x3F, 0xFF, 0x80, 0x00, 0x00, 0x00, 0x00, 0x00, 0x00, 0x00, 0x00, 0x00,
    0x00, 0x00, 0x00, 0x00, 0x00, 0x00, 0x00, 0x00, 0x00, 0x00, 0x00, 0x00, 0x00, 0x00, 0x00, 0x00,
    0x00, 0x00, 0x00, 0x00, 0x00, 0x00, 0x00, 0x00, 0x00, 0x00, 0x00, 0x00, 0x07, 0xF8, 0x00, 0x00,
    0x1F, 0xFE, 0x00, 0x00, 0x1F, 0xFF, 0x00, 0x00, 0x18, 0x0F, 0x80, 0x00, 0x00, 0x03, 0x80, 0x00,
    0x00, 0x03, 0x80, 0x00, 0x00, 0x03, 0x80, 0x00, 0x00, 0x03, 0x80, 0x00, 0x00, 0x0F, 0x00, 0x00,
    0x03, 0xFE, 0x00, 0x00, 0x03, 0xFC, 0x00, 0x00, 0x03, 0xFF, 0x00, 0x00, 0x00, 0x0F, 0x80, 0x00,
    0x00, 0x03, 0x80, 0x00, 0x00, 0x03, 0xC0, 0x00, 0x00, 0x01, 0xC0, 0x00, 0x00, 0x01, 0xC0, 0x00,
    0x00, 0x03, 0xC0, 0x00, 0x00, 0x03, 0x80, 0x00, 0x30, 0x0F, 0x80, 0x00, 0x3F, 0xFF, 0x00, 0x00,
    0x3F, 0xFE, 0x00, 0x00, 0x07, 0xF8, 0x00, 0x00, 0x00, 0x00, 0x00, 0x00, 0x00, 0x00, 0x00, 0x00,
    0x00, 0x00, 0x00, 0x00, 0x00, 0x00, 0x00, 0x00, 0x00, 0x00, 0x00, 0x00, 0x00, 0x00, 0x00, 0x00,
    0x00, 0x00, 0x00, 0x00, 0x00, 0x00, 0x00, 0x00, 0x00, 0x00, 0x00, 0x00, 0x00, 0x1E, 0x00, 0x00,
    0x00, 0x3E, 0x00, 0x00, 0x00, 0x3E, 0x00, 0x00, 0x00, 0x7E, 0x00, 0x00, 0x00, 0xEE, 0x00, 0x00,
    0x00, 0xCE, 0x00, 0x00, 0x01, 0xCE, 0x00, 0x00, 0x03, 0x8E, 0x00, 0x00, 0x03, 0x0E, 0x00, 0x00,
    0x07, 0x0E, 0x00, 0x00, 0x0E, 0x0E, 0x00, 0x00, 0x0C, 0x0E, 0x00, 0x00, 0x1C, 0x0E, 0x00, 0x00,
    0x38, 0x0E, 0x00, 0x00, 0x30, 0x0E, 0x00, 0x00, 0x3F, 0xFF, 0xE0, 0x00, 0x3F, 0xFF, 0xE0, 0x00,
    0x3F, 0xFF, 0xE0, 0x00, 0x00, 0x0E, 0x00, 0x00, 0x00, 0x0E, 0x00, 0x00, 0x00, 0x0E, 0x00, 0x00,
    0x00, 0x0E, 0x00, 0x00, 0x00, 0x0E, 0x00, 0x00, 0x00, 0x00, 0x00, 0x00, 0x00, 0x00, 0x00, 0x00,
    0x00, 0x00, 0x00, 0x00, 0x00, 0x00, 0x00, 0x00, 0x00, 0x00, 0x00, 0x00, 0x00, 0x00, 0x00, 0x00,
    0x00, 0x00, 0x00, 0x00, 0x00, 0x00, 0x00, 0x00, 0x00, 0x00, 0x00, 0x00, 0x1F, 0xFF, 0x00, 0x00,
    0x1F, 0xFF, 0x00, 0x00, 0x1F, 0xFF, 0x00, 0x00, 0x1C, 0x00, 0x00, 0x00, 0x1C, 0x00, 0x00, 0x00,
    0x1C, 0x00, 0x00, 0x00, 0x1C, 0x00, 0x00, 0x00, 0x1C, 0x00, 0x00, 0x00, 0x1F, 0xF0, 0x00, 0x00,
    0x1F, 0xFE, 0x00, 0x00, 0x1F, 0xFF, 0x00, 0x00, 0x08, 0x1F, 0x00, 0x00, 0x00, 0x07, 0x80, 0x00,
    0x00, 0x03, 0x80, 0x00, 0x00, 0x03, 0x80, 0x00, 0x00, 0x03, 0xC0, 0x00, 0x00, 0x03, 0x80, 0x00,
    0x00, 0x03, 0x80, 0x00, 0x00, 0x07, 0x80, 0x00, 0x10, 0x0F, 0x00, 0x00, 0x3F, 0xFF, 0x00, 0x00,
    0x3F, 0xFE, 0x00, 0x00, 0x07, 0xF0, 0x00, 0x00, 0x00, 0x00, 0x00, 0x00, 0x00, 0x00, 0x00, 0x00,
    0x00, 0x00, 0x00, 0x00, 0x00, 0x00, 0x00, 0x00, 0x00, 0x00, 0x00, 0x00, 0x00, 0x00, 0x00, 0x00,
    0x00, 0x00, 0x00, 0x00, 0x00, 0x00, 0x00, 0x00, 0x00, 0x00, 0x00, 0x00, 0x00, 0x7E, 0x00, 0x00,
    0x01, 0xFF, 0x80, 0x00, 0x03, 0xFF, 0x80, 0x00, 0x07, 0xC1, 0x80, 0x00, 0x0F, 0x00, 0x00, 0x00,
    0x1E, 0x00, 0x00, 0x00, 0x1E, 0x00, 0x00, 0x00, 0x1C, 0x00, 0x00, 0x00, 0x1C, 0x00, 0x00, 0x00,
    0x3C, 0xFC, 0x00, 0x00, 0x3D, 0xFF, 0x00, 0x00, 0x3F, 0xFF, 0x80, 0x00, 0x3F, 0x07, 0xC0, 0x00,
    0x3E, 0x03, 0xC0, 0x00, 0x3C, 0x01, 0xC0, 0x00, 0x1C, 0x01, 0xC0, 0x00, 0x1C, 0x01, 0xC0, 0x00,
    0x1C, 0x01, 0xC0, 0x00, 0x0E, 0x03, 0xC0, 0x00, 0x0F, 0x07, 0x80, 0x00, 0x07, 0xFF, 0x80, 0x00,
    0x03, 0xFF, 0x00, 0x00, 0x00, 0xFC, 0x00, 0x00, 0x00, 0x00, 0x00, 0x00, 0x00, 0x00, 0x00, 0x00,
    0x00, 0x00, 0x00, 0x00, 0x00, 0x00, 0x00, 0x00, 0x00, 0x00, 0x00, 0x00, 0x00, 0x00, 0x00, 0x00,
    0x00, 0x00, 0x00, 0x00, 0x00, 0x00, 0x00, 0x00, 0x00, 0x00, 0x00, 0x00, 0x1F, 0xFF, 0xC0, 0x00,
    0x1F, 0xFF, 0xC0, 0x00, 0x1F, 0xFF, 0x80, 0x00, 0x00, 0x03, 0x80, 0x00, 0x00, 0x07, 0x00, 0x00,
    0x00, 0x07, 0x00, 0x00, 0x00, 0x0F, 0x00, 0x00, 0x00, 0x0E, 0x00, 0x00, 0x00, 0x0E, 0x00, 0x00,
    0x00, 0x1C, 0x00, 0x00, 0x00, 0x1C, 0x00, 0x00, 0x00, 0x3C, 0x00, 0x00, 0x00, 0x38, 0x00, 0x00,
    0x00, 0x38, 0x00, 0x00, 0x00, 0x70, 0x00, 0x00, 0x00, 0x70, 0x00, 0x00, 0x00, 0xF0, 0x00, 0x00,
    0x00, 0xE0, 0x00, 0x00, 0x00, 0xE0, 0x00, 0x00, 0x01, 0xE0, 0x00, 0x00, 0x01, 0xC0, 0x00, 0x00,
    0x03, 0xC0, 0x00, 0x00, 0x03, 0x80, 0x00, 0x00, 0x00, 0x00, 0x00, 0x00, 0x00, 0x00, 0x00, 0x00,
    0x00, 0x00, 0x00, 0x00, 0x00, 0x00, 0x00, 0x00, 0x00, 0x00, 0x00, 0x00, 0x00, 0x00, 0x00, 0x00,
    0x00, 0x00, 0x00, 0x00, 0x00, 0x00, 0x00, 0x00, 0x00, 0x00, 0x00, 0x00, 0x01, 0xFC, 0x00, 0x00,
    0x07, 0xFF, 0x00, 0x00, 0x0F, 0xFF, 0x80, 0x00, 0x1F, 0x07, 0x80, 0x00, 0x1C, 0x03, 0xC0, 0x00,
    0x1C, 0x03, 0xC0, 0x00, 0x1C, 0x03, 0xC0, 0x00, 0x1C, 0x03, 0x80, 0x00, 0x0F, 0x07, 0x80, 0x00,
    0x07, 0xFE, 0x00, 0x00, 0x03, 0xFC, 0x00, 0x00, 0x07, 0xFF, 0x00, 0x00, 0x1F, 0x07, 0x80, 0x00,
    0x1C, 0x03, 0xC0, 0x00, 0x3C, 0x01, 0xC0, 0x00, 0x38, 0x01, 0xC0, 0x00, 0x38, 0x01, 0xC0, 0x00,
    0x3C, 0x01, 0xC0, 0x00, 0x1C, 0x03, 0xC0, 0x00, 0x1F, 0x07, 0x80, 0x00, 0x0F, 0xFF, 0x80, 0x00,
    0x07, 0xFF, 0x00, 0x00, 0x01, 0xFC, 0x00, 0x00, 0x00, 0x00, 0x00, 0x00, 0x00, 0x00, 0x00, 0x00,
    0x00, 0x00, 0x00, 0x00, 0x00, 0x00, 0x00, 0x00, 0x00, 0x00, 0x00, 0x00, 0x00, 0x00, 0x00, 0x00,
    0x00, 0x00, 0x00, 0x00, 0x00, 0x00, 0x00, 0x00, 0x00, 0x00, 0x00, 0x00, 0x01, 0xF8, 0x00, 0x00,
    0x07, 0xFE, 0x00, 0x00, 0x0F, 0xFF, 0x00, 0x00, 0x1E, 0x0F, 0x00, 0x00, 0x3C, 0x03, 0x80, 0x00,
    0x38, 0x03, 0x80, 0x00, 0x38, 0x03, 0xC0, 0x00, 0x38, 0x03, 0xC0, 0x00, 0x38, 0x03, 0xC0, 0x00,
    0x3C, 0x03, 0xC0, 0x00, 0x1E, 0x0F, 0xC0, 0x00, 0x1F, 0xFF, 0xC0, 0x00, 0x07, 0xFD, 0xC0, 0x00,
    0x03, 0xF1, 0xC0, 0x00, 0x00, 0x03, 0xC0, 0x00, 0x00, 0x03, 0xC0, 0x00, 0x00, 0x03, 0x80, 0x00,
    0x00, 0x07, 0x80, 0x00, 0x00, 0x0F, 0x00, 0x00, 0x08, 0x1F, 0x00, 0x00, 0x0F, 0xFE, 0x00, 0x00,
    0x0F, 0xFC, 0x00, 0x00, 0x07, 0xF0, 0x00, 0x00, 0x00, 0x00, 0x00, 0x00, 0x00, 0x00, 0x00, 0x00,
    0x00, 0x00, 0x00, 0x00, 0x00, 0x00, 0x00, 0x00, 0x00, 0x00, 0x00, 0x00, 0x00, 0x00, 0x00, 0x00,
    0x00, 0x00, 0x00, 0x00, 0x00, 0x00, 0x00, 0x00, 0x00, 0x00, 0x00, 0x00, 0x00, 0x00, 0x00, 0x00,
    0x00, 0x00, 0x00, 0x00, 0x00, 0x00, 0x00, 0x00, 0x00, 0x00, 0x00, 0x00, 0x00, 0x00, 0x00, 0x00,
    0x00, 0x00, 0x00, 0x00, 0x0E, 0x00, 0x00, 0x00, 0x0E, 0x00, 0x00, 0x00, 0x0E, 0x00, 0x00, 0x00,
    0x0E, 0x00, 0x00, 0x00, 0x00, 0x00, 0x00, 0x00, 0x00, 0x00, 0x00, 0x00, 0x00, 0x00, 0x00, 0x00,
    0x00, 0x00, 0x00, 0x00, 0x00, 0x00, 0x00, 0x00, 0x00, 0x00, 0x00, 0x00, 0x00, 0x00, 0x00, 0x00,
    0x00, 0x00, 0x00, 0x00, 0x00, 0x00, 0x00, 0x00, 0x0E, 0x00, 0x00, 0x00, 0x0E, 0x00, 0x00, 0x00,
    0x0E, 0x00, 0x00, 0x00, 0x0E, 0x00, 0x00, 0x00, 0x00, 0x00, 0x00, 0x00, 0x00, 0x00, 0x00, 0x00,
    0x00, 0x00, 0x00, 0x00, 0x00, 0x00, 0x00, 0x00, 0x00, 0x00, 0x00, 0x00, 0x00, 0x00, 0x00, 0x00,
    0x00, 0x00, 0x00, 0x00, 0x00, 0x00, 0x00, 0x00, 0x00, 0x00, 0x00, 0x00, 0x00, 0x00, 0x00, 0x00,
    0x00, 0x00, 0x00, 0x00, 0x00, 0x00, 0x00, 0x00, 0x00, 0x00, 0x00, 0x00, 0x00, 0x00, 0x00, 0x00,
    0x00, 0x00, 0x00, 0x00, 0x0E, 0x00, 0x00, 0x00, 0x0E, 0x00, 0x00, 0x00, 0x0E, 0x00, 0x00, 0x00,
    0x0E, 0x00, 0x00, 0x00, 0x00, 0x00, 0x00, 0x00, 0x00, 0x00, 0x00, 0x00, 0x00, 0x00, 0x00, 0x00,
    0x00, 0x00, 0x00, 0x00, 0x00, 0x00, 0x00, 0x00, 0x00, 0x00, 0x00, 0x00, 0x00, 0x00, 0x00, 0x00,
    0x00, 0x00, 0x00, 0x00, 0x00, 0x00, 0x00, 0x00, 0x0E, 0x00, 0x00, 0x00, 0x0E, 0x00, 0x00, 0x00,
    0x0E, 0x00, 0x00, 0x00, 0x0E, 0x00, 0x00, 0x00, 0x1C, 0x00, 0x00, 0x00, 0x1C, 0x00, 0x00, 0x00,
    0x00, 0x00, 0x00, 0x00, 0x00, 0x00, 0x00, 0x00, 0x00, 0x00, 0x00, 0x00, 0x00, 0x00, 0x00, 0x00,
    0x00, 0x00, 0x00, 0x00, 0x00, 0x00, 0x00, 0x00, 0x00, 0x00, 0x00, 0x00, 0x00, 0x00, 0x00, 0x00,
    0x00, 0x00, 0x00, 0x00, 0x00, 0x00, 0x00, 0x00, 0x00, 0x00, 0x00, 0x00, 0x00, 0x00, 0x02, 0x00,
    0x00, 0x00, 0x1E, 0x00, 0x00, 0x00, 0xFE, 0x00, 0x00, 0x03, 0xFC, 0x00, 0x00, 0x1F, 0xE0, 0x00,
    0x00, 0xFF, 0x00, 0x00, 0x07, 0xF8, 0x00, 0x00, 0x1F, 0xC0, 0x00, 0x00, 0x1F, 0x00, 0x00, 0x00,
    0x1F, 0xC0, 0x00, 0x00, 0x07, 0xF8, 0x00, 0x00, 0x00, 0xFF, 0x00, 0x00, 0x00, 0x1F, 0xE0, 0x00,
    0x00, 0x03, 0xFC, 0x00, 0x00, 0x00, 0xFE, 0x00, 0x00, 0x00, 0x1E, 0x00, 0x00, 0x00, 0x02, 0x00,
    0x00, 0x00, 0x00, 0x00, 0x00, 0x00, 0x00, 0x00, 0x00, 0x00, 0x00, 0x00, 0x00, 0x00, 0x00, 0x00,
    0x00, 0x00, 0x00, 0x00, 0x00, 0x00, 0x00, 0x00, 0x00, 0x00, 0x00, 0x00, 0x00, 0x00, 0x00, 0x00,
    0x00, 0x00, 0x00, 0x00, 0x00, 0x00, 0x00, 0x00, 0x00, 0x00, 0x00, 0x00, 0x00, 0x00, 0x00, 0x00,
    0x00, 0x00, 0x00, 0x00, 0x00, 0x00, 0x00, 0x00, 0x00, 0x00, 0x00, 0x00, 0x00, 0x00, 0x00, 0x00,
    0x00, 0x00, 0x00, 0x00, 0x00, 0x00, 0x00, 0x00, 0x00, 0x00, 0x00, 0x00, 0x1F, 0xFF, 0xFE, 0x00,
    0x1F, 0xFF, 0xFE, 0x00, 0x1F, 0xFF, 0xFE, 0x00, 0x00, 0x00, 0x00, 0x00, 0x00, 0x00, 0x00, 0x00,
    0x00, 0x00, 0x00, 0x00, 0x00, 0x00, 0x00, 0x00, 0x1F, 0xFF, 0xFE, 0x00, 0x1F, 0xFF, 0xFE, 0x00,
    0x1F, 0xFF, 0xFE, 0x00, 0x00, 0x00, 0x00, 0x00, 0x00, 0x00, 0x00, 0x00, 0x00, 0x00, 0x00, 0x00,
    0x00, 0x00, 0x00, 0x00, 0x00, 0x00, 0x00, 0x00, 0x00, 0x00, 0x00, 0x00, 0x00, 0x00, 0x00, 0x00,
    0x00, 0x00, 0x00, 0x00, 0x00, 0x00, 0x00, 0x00, 0x00, 0x00, 0x00, 0x00, 0x00, 0x00, 0x00, 0x00,
    0x00, 0x00, 0x00, 0x00, 0x00, 0x00, 0x00, 0x00, 0x00, 0x00, 0x00, 0x00, 0x00, 0x00, 0x00, 0x00,
    0x00, 0x00, 0x00, 0x00, 0x00, 0x00, 0x00, 0x00, 0x00, 0x00, 0x00, 0x00, 0x18, 0x00, 0x00, 0x00,
    0x1F, 0x00, 0x00, 0x00, 0x1F, 0xC0, 0x00, 0x00, 0x07, 0xF8, 0x00, 0x00, 0x00, 0xFF, 0x00, 0x00,
    0x00, 0x1F, 0xE0, 0x00, 0x00, 0x03, 0xF8, 0x00, 0x00, 0x00, 0x7E, 0x00, 0x00, 0x00, 0x1E, 0x00,
    0x00, 0x00, 0x7E, 0x00, 0x00, 0x03, 0xF8, 0x00, 0x00, 0x1F, 0xE0, 0x00, 0x00, 0xFF, 0x00, 0x00,
    0x07, 0xF8, 0x00, 0x00, 0x1F, 0xC0, 0x00, 0x00, 0x1F, 0x00, 0x00, 0x00, 0x18, 0x00, 0x00, 0x00,
    0x00, 0x00, 0x00, 0x00, 0x00, 0x00, 0x00, 0x00, 0x00, 0x00, 0x00, 0x00, 0x00, 0x00, 0x00, 0x00,
    0x00, 0x00, 0x00, 0x00, 0x00, 0x00, 0x00, 0x00, 0x00, 0x00, 0x00, 0x00, 0x00, 0x00, 0x00, 0x00,
    0x00, 0x00, 0x00, 0x00, 0x00, 0x00, 0x00, 0x00, 0x00, 0x00, 0x00, 0x00, 0x07, 0xE0, 0x00, 0x00,
    0x1F, 0xF8, 0x00, 0x00, 0x3F, 0xFC, 0x00, 0x00, 0x38, 0x3C, 0x00, 0x00, 0x20, 0x1E, 0x00, 0x00,
    0x00, 0x0E, 0x00, 0x00, 0x00, 0x1E, 0x00, 0x00, 0x00, 0x1C, 0x00, 0x00, 0x00, 0x3C, 0x00, 0x00,
    0x00, 0x78, 0x00, 0x00, 0x00, 0xF0, 0x00, 0x00, 0x01, 0xE0, 0x00, 0x00, 0x01, 0xC0, 0x00, 0x00,
    0x03, 0x80, 0x00, 0x00, 0x03, 0x80, 0x00, 0x00, 0x03, 0x80, 0x00, 0x00, 0x03, 0x80, 0x00, 0x00,
    0x00, 0x00, 0x00, 0x00, 0x00, 0x00, 0x00, 0x00, 0x03, 0x80, 0x00, 0x00, 0x03, 0x80, 0x00, 0x00,
    0x03, 0x80, 0x00, 0x00, 0x03, 0x80, 0x00, 0x00, 0x00, 0x00, 0x00, 0x00, 0x00, 0x00, 0x00, 0x00,
    0x00, 0x00, 0x00, 0x00, 0x00, 0x00, 0x00, 0x00, 0x00, 0x00, 0x00, 0x00, 0x00, 0x00, 0x00, 0x00,
    0x00, 0x00, 0x00, 0x00, 0x00, 0x00, 0x00, 0x00, 0x00, 0x00, 0x00, 0x00, 0x00, 0x07, 0xF0, 0x00,
    0x00, 0x3F, 0xFE, 0x00, 0x00, 0xFF, 0xFF, 0x80, 0x01, 0xF8, 0x0F, 0xC0, 0x03, 0xC0, 0x03, 0xE0,
    0x07, 0x80, 0x00, 0xF0, 0x0E, 0x00, 0x00, 0x70, 0x0E, 0x07, 0xCE, 0x38, 0x1C, 0x0F, 0xEE, 0x18,
    0x18, 0x1F, 0xFE, 0x18, 0x18, 0x3C, 0x3E, 0x1C, 0x38, 0x38, 0x1E, 0x1C, 0x30, 0x30, 0x0E, 0x1C,
    0x30, 0x70, 0x0E, 0x1C, 0x30, 0x70, 0x0E, 0x18, 0x30, 0x30, 0x0E, 0x18, 0x38, 0x38, 0x1E, 0x38,
    0x18, 0x3C, 0x3E, 0xF0, 0x18, 0x1F, 0xFF, 0xE0, 0x1C, 0x0F, 0xEF, 0xC0, 0x0E, 0x07, 0xCF, 0x00,
    0x0E, 0x00, 0x00, 0x00, 0x07, 0x80, 0x01, 0x00, 0x03, 0xC0, 0x03, 0x80, 0x01, 0xF8, 0x1F, 0x80,
    0x00, 0x00, 0x00, 0x00, 0x00, 0x00, 0x00, 0x00, 0x00, 0x00, 0x00, 0x00, 0x00, 0x00, 0x00, 0x00,
    0x00, 0x00, 0x00, 0x00, 0x00, 0x00, 0x00, 0x00, 0x00, 0x00, 0x00, 0x00, 0x00, 0x78, 0x00, 0x00,
    0x00, 0x78, 0x00, 0x00, 0x00, 0xFC, 0x00, 0x00, 0x00, 0xFC, 0x00, 0x00, 0x01, 0xCC, 0x00, 0x00,
    0x01, 0xCE, 0x00, 0x00, 0x01, 0xCE, 0x00, 0x00, 0x03, 0x87, 0x00, 0x00, 0x03, 0x87, 0x00, 0x00,
    0x07, 0x07, 0x00, 0x00, 0x07, 0x03, 0x80, 0x00, 0x07, 0x03, 0x80, 0x00, 0x0E, 0x01, 0xC0, 0x00,
    0x0E, 0x01, 0xC0, 0x00, 0x0F, 0xFF, 0xC0, 0x00, 0x1F, 0xFF, 0xE0, 0x00, 0x1F, 0xFF, 0xE0, 0x00,
    0x3C, 0x00, 0xE0, 0x00, 0x38, 0x00, 0x70, 0x00, 0x38, 0x00, 0x70, 0x00, 0x70, 0x00, 0x78, 0x00,
    0x70, 0x00, 0x38, 0x00, 0xF0, 0x00, 0x38, 0x00, 0x00, 0x00, 0x00, 0x00, 0x00, 0x00, 0x00, 0x00,
    0x00, 0x00, 0x00, 0x00, 0x00, 0x00, 0x00, 0x00, 0x00, 0x00, 0x00, 0x00, 0x00, 0x00, 0x00, 0x00,
    0x00, 0x00, 0x00, 0x00, 0x00, 0x00, 0x00, 0x00, 0x00, 0x00, 0x00, 0x00, 0x1F, 0xFE, 0x00, 0x00,
    0x1F, 0xFF, 0x80, 0x00, 0x1F, 0xFF, 0xC0, 0x00, 0x1C, 0x03, 0xC0, 0x00, 0x1C, 0x01, 0xE0, 0x00,
    0x1C, 0x01, 0xE0, 0x00, 0x1C, 0x01, 0xE0, 0x00, 0x1C, 0x01, 0xC0, 0x00, 0x1C, 0x03, 0xC0, 0x00,
    0x1F, 0xFF, 0x80, 0x00, 0x1F, 0xFF, 0x00, 0x00, 0x1F, 0xFF, 0x80, 0x00, 0x1C, 0x03, 0xC0, 0x00,
    0x1C, 0x00, 0xE0, 0x00, 0x1C, 0x00, 0xE0, 0x00, 0x1C, 0x00, 0xF0, 0x00, 0x1C, 0x00, 0xF0, 0x00,
    0x1C, 0x00, 0xF0, 0x00, 0x1C, 0x00, 0xE0, 0x00, 0x1C, 0x03, 0xE0, 0x00, 0x1F, 0xFF, 0xC0, 0x00,
    0x1F, 0xFF, 0x80, 0x00, 0x1F, 0xFE, 0x00, 0x00, 0x00, 0x00, 0x00, 0x00, 0x00, 0x00, 0x00, 0x00,
    0x00, 0x00, 0x00, 0x00, 0x00, 0x00, 0x00, 0x00, 0x00, 0x00, 0x00, 0x00, 0x00, 0x00, 0x00, 0x00,
    0x00, 0x00, 0x00, 0x00, 0x00, 0x00, 0x00, 0x00, 0x00, 0x00, 0x00, 0x00, 0x00, 0x7F, 0x80, 0x00,
    0x01, 0xFF, 0xF0, 0x00, 0x03, 0xFF, 0xF8, 0x00, 0x07, 0xC0, 0x78, 0x00, 0x0F, 0x00, 0x08, 0x00,
    0x1E, 0x00, 0x00, 0x00, 0x1C, 0x00, 0x00, 0x00, 0x3C, 0x00, 0x00, 0x00, 0x3C, 0x00, 0x00, 0x00,
    0x38, 0x00, 0x00, 0x00, 0x38, 0x00, 0x00, 0x00, 0x38, 0x00, 0x00, 0x00, 0x38, 0x00, 0x00, 0x00,
    0x38, 0x00, 0x00, 0x00, 0x3C, 0x00, 0x00, 0x00, 0x3C, 0x00, 0x00, 0x00, 0x1C, 0x00, 0x00, 0x00,
    0x1E, 0x00, 0x00, 0x00, 0x0F, 0x00, 0x08, 0x00, 0x07, 0xC0, 0x78, 0x00, 0x03, 0xFF, 0xF8, 0x00,
    0x01, 0xFF, 0xF0, 0x00, 0x00, 0x7F, 0x80, 0x00, 0x00, 0x00, 0x00, 0x00, 0x00, 0x00, 0x00, 0x00,
    0x00, 0x00, 0x00, 0x00, 0x00, 0x00, 0x00, 0x00, 0x00, 0x00, 0x00, 0x00, 0x00, 0x00, 0x00, 0x00,
    0x00, 0x00, 0x00, 0x00, 0x00, 0x00, 0x00, 0x00, 0x00, 0x00, 0x00, 0x00, 0x1F, 0xFC, 0x00, 0x00,
    0x1F, 0xFF, 0xC0, 0x00, 0x1F, 0xFF, 0xE0, 0x00, 0x1C, 0x03, 0xF0, 0x00, 0x1C, 0x00, 0xF8, 0x00,
    0x1C, 0x00, 0x3C, 0x00, 0x1C, 0x00, 0x3C, 0x00, 0x1C, 0x00, 0x1C, 0x00, 0x1C, 0x00, 0x1C, 0x00,
    0x1C, 0x00, 0x1E, 0x00, 0x1C, 0x00, 0x1E, 0x00, 0x1C, 0x00, 0x1E, 0x00, 0x1C, 0x00, 0x1E, 0x00,
    0x1C, 0x00, 0x1E, 0x00, 0x1C, 0x00, 0x1C, 0x00, 0x1C, 0x00, 0x1C, 0x00, 0x1C, 0x00, 0x3C, 0x00,
    0x1C, 0x00, 0x3C, 0x00, 0x1C, 0x00, 0xF8, 0x00, 0x1C, 0x03, 0xF0, 0x00, 0x1F, 0xFF, 0xE0, 0x00,
    0x1F, 0xFF, 0xC0, 0x00, 0x1F, 0xFC, 0x00, 0x00, 0x00, 0x00, 0x00, 0x00, 0x00, 0x00, 0x00, 0x00,
    0x00, 0x00, 0x00, 0x00, 0x00, 0x00, 0x00, 0x00, 0x00, 0x00, 0x00, 0x00, 0x00, 0x00, 0x00, 0x00,
    0x00, 0x00, 0x00, 0x00, 0x00, 0x00, 0x00, 0x00, 0x00, 0x00, 0x00, 0x00, 0x1F, 0xFF, 0xC0, 0x00,
    0x1F, 0xFF, 0xC0, 0x00, 0x1F, 0xFF, 0xC0, 0x00, 0x1C, 0x00, 0x00, 0x00, 0x1C, 0x00, 0x00, 0x00,
    0x1C, 0x00, 0x00, 0x00, 0x1C, 0x00, 0x00, 0x00, 0x1C, 0x00, 0x00, 0x00, 0x1C, 0x00, 0x00, 0x00,
    0x1F, 0xFF, 0x80, 0x00, 0x1F, 0xFF, 0x80, 0x00, 0x1F, 0xFF, 0x80, 0x00, 0x1C, 0x00, 0x00, 0x00,
    0x1C, 0x00, 0x00, 0x00, 0x1C, 0x00, 0x00, 0x00, 0x1C, 0x00, 0x00, 0x00, 0x1C, 0x00, 0x00, 0x00,
    0x1C, 0x00, 0x00, 0x00, 0x1C, 0x00, 0x00, 0x00, 0x1C, 0x00, 0x00, 0x00, 0x1F, 0xFF, 0xC0, 0x00,
    0x1F, 0xFF, 0xC0, 0x00, 0x1F, 0xFF, 0xC0, 0x00, 0x00, 0x00, 0x00, 0x00, 0x00, 0x00, 0x00, 0x00,
    0x00, 0x00, 0x00, 0x00, 0x00, 0x00, 0x00, 0x00, 0x00, 0x00, 0x00, 0x00, 0x00, 0x00, 0x00, 0x00,
    0x00, 0x00, 0x00, 0x00, 0x00, 0x00, 0x00, 0x00, 0x00, 0x00, 0x00, 0x00, 0x1F, 0xFF, 0x80, 0x00,
    0x1F, 0xFF, 0x80, 0x00, 0x1F, 0xFF, 0x80, 0x00, 0x1C, 0x00, 0x00, 0x00, 0x1C, 0x00, 0x00, 0x00,
    0x1C, 0x00, 0x00, 0x00, 0x1C, 0x00, 0x00, 0x00, 0x1C, 0x00, 0x00, 0x00, 0x1C, 0x00, 0x00, 0x00,
    0x1F, 0xFF, 0x00, 0x00, 0x1F, 0xFF, 0x00, 0x00, 0x1F, 0xFF, 0x00, 0x00, 0x1C, 0x00, 0x00, 0x00,
    0x1C, 0x00, 0x00, 0x00, 0x1C, 0x00, 0x00, 0x00, 0x1C, 0x00, 0x00, 0x00, 0x1C, 0x00, 0x00, 0x00,
    0x1C, 0x00, 0x00, 0x00, 0x1C, 0x00, 0x00, 0x00, 0x1C, 0x00, 0x00, 0x00, 0x1C, 0x00, 0x00, 0x00,
    0x1C, 0x00, 0x00, 0x00, 0x1C, 0x00, 0x00, 0x00, 0x00, 0x00, 0x00, 0x00, 0x00, 0x00, 0x00, 0x00,
    0x00, 0x00, 0x00, 0x00, 0x00, 0x00, 0x00, 0x00, 0x00, 0x00, 0x00, 0x00, 0x00, 0x00, 0x00, 0x00,
    0x00, 0x00, 0x00, 0x00, 0x00, 0x00, 0x00, 0x00, 0x00, 0x00, 0x00, 0x00, 0x00, 0x3F, 0xC0, 0x00,
    0x01, 0xFF, 0xF8, 0x00, 0x03, 0xFF, 0xFC, 0x00, 0x07, 0xC0, 0x3C, 0x00, 0x0F, 0x00, 0x00, 0x00,
    0x1E, 0x00, 0x00, 0x00, 0x1C, 0x00, 0x00, 0x00, 0x3C, 0x00, 0x00, 0x00, 0x38, 0x00, 0x00, 0x00,
    0x38, 0x00, 0x00, 0x00, 0x38, 0x03, 0xFC, 0x00, 0x38, 0x03, 0xFC, 0x00, 0x38, 0x03, 0xFC, 0x00,
    0x38, 0x00, 0x1C, 0x00, 0x38, 0x00, 0x1C, 0x00, 0x3C, 0x00, 0x1C, 0x00, 0x1C, 0x00, 0x1C, 0x00,
    0x1E, 0x00, 0x1C, 0x00, 0x0F, 0x00, 0x1C, 0x00, 0x0F, 0xC0, 0x3C, 0x00, 0x03, 0xFF, 0xF8, 0x00,
    0x01, 0xFF, 0xF0, 0x00, 0x00, 0x3F, 0x80, 0x00, 0x00, 0x00, 0x00, 0x00, 0x00, 0x00, 0x00, 0x00,
    0x00, 0x00, 0x00, 0x00, 0x00, 0x00, 0x00, 0x00, 0x00, 0x00, 0x00, 0x00, 0x00, 0x00, 0x00, 0x00,
    0x00, 0x00, 0x00, 0x00, 0x00, 0x00, 0x00, 0x00, 0x00, 0x00, 0x00, 0x00, 0x1C, 0x00, 0x38, 0x00,
    0x1C, 0x00, 0x38, 0x00, 0x1C, 0x00, 0x38, 0x00, 0x1C, 0x00, 0x38, 0x00, 0x1C, 0x00, 0x38, 0x00,
    0x1C, 0x00, 0x38, 0x00, 0x1C, 0x00, 0x38, 0x00, 0x1C, 0x00, 0x38, 0x00, 0x1C, 0x00, 0x38, 0x00,
    0x1F, 0xFF, 0xF8, 0x00, 0x1F, 0xFF, 0xF8, 0x00, 0x1F, 0xFF, 0xF8, 0x00, 0x1C, 0x00, 0x38, 0x00,
    0x1C, 0x00, 0x38, 0x00, 0x1C, 0x00, 0x38, 0x00, 0x1C, 0x00, 0x38, 0x00, 0x1C, 0x00, 0x38, 0x00,
    0x1C, 0x00, 0x38, 0x00, 0x1C, 0x00, 0x38, 0x00, 0x1C, 0x00, 0x38, 0x00, 0x1C, 0x00, 0x38, 0x00,
    0x1C, 0x00, 0x38, 0x00, 0x1C, 0x00, 0x38, 0x00, 0x00, 0x00, 0x00, 0x00, 0x00, 0x00, 0x00, 0x00,
    0x00, 0x00, 0x00, 0x00, 0x00, 0x00, 0x00, 0x00, 0x00, 0x00, 0x00, 0x00, 0x00, 0x00, 0x00, 0x00,
    0x00, 0x00, 0x00, 0x00, 0x00, 0x00, 0x00, 0x00, 0x00, 0x00, 0x00, 0x00, 0x1C, 0x00, 0x00, 0x00,
    0x1C, 0x00, 0x00, 0x00, 0x1C, 0x00, 0x00, 0x00, 0x1C, 0x00, 0x00, 0x00, 0x1C, 0x00, 0x00, 0x00,
    0x1C, 0x00, 0x00, 0x00, 0x1C, 0x00, 0x00, 0x00, 0x1C, 0x00, 0x00, 0x00, 0x1C, 0x00, 0x00, 0x00,
    0x1C, 0x00, 0x00, 0x00, 0x1C, 0x00, 0x00, 0x00, 0x1C, 0x00, 0x00, 0x00, 0x1C, 0x00, 0x00, 0x00,
    0x1C, 0x00, 0x00, 0x00, 0x1C, 0x00, 0x00, 0x00, 0x1C, 0x00, 0x00, 0x00, 0x1C, 0x00, 0x00, 0x00,
    0x1C, 0x00, 0x00, 0x00, 0x1C, 0x00, 0x00, 0x00, 0x1C, 0x00, 0x00, 0x00, 0x1C, 0x00, 0x00, 0x00,
    0x1C, 0x00, 0x00, 0x00, 0x1C, 0x00, 0x00, 0x00, 0x00, 0x00, 0x00, 0x00, 0x00, 0x00, 0x00, 0x00,
    0x00, 0x00, 0x00, 0x00, 0x00, 0x00, 0x00, 0x00, 0x00, 0x00, 0x00, 0x00, 0x00, 0x00, 0x00, 0x00,
    0x00, 0x00, 0x00, 0x00, 0x00, 0x00, 0x00, 0x00, 0x00, 0x00, 0x00, 0x00, 0x07, 0x00, 0x00, 0x00,
    0x07, 0x00, 0x00, 0x00, 0x07, 0x00, 0x00, 0x00, 0x07, 0x00, 0x00, 0x00, 0x07, 0x00, 0x00, 0x00,
    0x07, 0x00, 0x00, 0x00, 0x07, 0x00, 0x00, 0x00, 0x07, 0x00, 0x00, 0x00, 0x07, 0x00, 0x00, 0x00,
    0x07, 0x00, 0x00, 0x00, 0x07, 0x00, 0x00, 0x00, 0x07, 0x00, 0x00, 0x00, 0x07, 0x00, 0x00, 0x00,
    0x07, 0x00, 0x00, 0x00, 0x07, 0x00, 0x00, 0x00, 0x07, 0x00, 0x00, 0x00, 0x07, 0x00, 0x00, 0x00,
    0x07, 0x00, 0x00, 0x00, 0x07, 0x00, 0x00, 0x00, 0x07, 0x00, 0x00, 0x00, 0x07, 0x00, 0x00, 0x00,
    0x07, 0x00, 0x00, 0x00, 0x07, 0x00, 0x00, 0x00, 0x07, 0x00, 0x00, 0x00, 0x0F, 0x00, 0x00, 0x00,
    0x00, 0x00, 0x00, 0x00, 0x00, 0x00, 0x00, 0x00, 0x00, 0x00, 0x00, 0x00, 0x00, 0x00, 0x00, 0x00,
    0x00, 0x00, 0x00, 0x00, 0x00, 0x00, 0x00, 0x00, 0x00, 0x00, 0x00, 0x00, 0x1C, 0x00, 0xF0, 0x00,
    0x1C, 0x01, 0xE0, 0x00, 0x1C, 0x03, 0xC0, 0x00, 0x1C, 0x07, 0x80, 0x00, 0x1C, 0x0F, 0x00, 0x00,
    0x1C, 0x1E, 0x00, 0x00, 0x1C, 0x3C, 0x00, 0x00, 0x1C, 0x78, 0x00, 0x00, 0x1C, 0xF0, 0x00, 0x00,
    0x1F, 0xE0, 0x00, 0x00, 0x1F, 0xC0, 0x00, 0x00, 0x1F, 0xC0, 0x00, 0x00, 0x1D, 0xE0, 0x00, 0x00,
    0x1C, 0xF0, 0x00, 0x00, 0x1C, 0x78, 0x00, 0x00, 0x1C, 0x3C, 0x00, 0x00, 0x1C, 0x1E, 0x00, 0x00,
    0x1C, 0x0F, 0x00, 0x00, 0x1C, 0x07, 0x80, 0x00, 0x1C, 0x03, 0xC0, 0x00, 0x1C, 0x01, 0xE0, 0x00,
    0x1C, 0x00, 0xF0, 0x00, 0x1C, 0x00, 0x78, 0x00, 0x00, 0x00, 0x00, 0x00, 0x00, 0x00, 0x00, 0x00,
    0x00, 0x00, 0x00, 0x00, 0x00, 0x00, 0x00, 0x00, 0x00, 0x00, 0x00, 0x00, 0x00, 0x00, 0x00, 0x00,
    0x00, 0x00, 0x00, 0x00, 0x00, 0x00, 0x00, 0x00, 0x00, 0x00, 0x00, 0x00, 0x1C, 0x00, 0x00, 0x00,
    0x1C, 0x00, 0x00, 0x00, 0x1C, 0x00, 0x00, 0x00, 0x1C, 0x00, 0x00, 0x00, 0x1C, 0x00, 0x00, 0x00,
    0x1C, 0x00, 0x00, 0x00, 0x1C, 0x00, 0x00, 0x00, 0x1C, 0x00, 0x00, 0x00, 0x1C, 0x00, 0x00, 0x00,
    0x1C, 0x00, 0x00, 0x00, 0x1C, 0x00, 0x00, 0x00, 0x1C, 0x00, 0x00, 0x00, 0x1C, 0x00, 0x00, 0x00,
    0x1C, 0x00, 0x00, 0x00, 0x1C, 0x00, 0x00, 0x00, 0x1C, 0x00, 0x00, 0x00, 0x1C, 0x00, 0x00, 0x00,
    0x1C, 0x00, 0x00, 0x00, 0x1C, 0x00, 0x00, 0x00, 0x1C, 0x00, 0x00, 0x00, 0x1F, 0xFF, 0xC0, 0x00,
    0x1F, 0xFF, 0xC0, 0x00, 0x1F, 0xFF, 0xC0, 0x00, 0x00, 0x00, 0x00, 0x00, 0x00, 0x00, 0x00, 0x00,
    0x00, 0x00, 0x00, 0x00, 0x00, 0x00, 0x00, 0x00, 0x00, 0x00, 0x00, 0x00, 0x00, 0x00, 0x00, 0x00,
    0x00, 0x00, 0x00, 0x00, 0x00, 0x00, 0x00, 0x00, 0x00, 0x00, 0x00, 0x00, 0x1F, 0x00, 0x0F, 0x00,
    0x1F, 0x00, 0x1F, 0x00, 0x1F, 0x80, 0x1F, 0x00, 0x1F, 0x80, 0x3F, 0x00, 0x1D, 0xC0, 0x3F, 0x00,
    0x1D, 0xC0, 0x37, 0x00, 0x1C, 0xC0, 0x77, 0x00, 0x1C, 0xE0, 0x77, 0x00, 0x1C, 0xE0, 0x67, 0x00,
    0x1C, 0x60, 0xE7, 0x00, 0x1C, 0x70, 0xE7, 0x00, 0x1C, 0x71, 0xC7, 0x00, 0x1C, 0x31, 0xC7, 0x00,
    0x1C, 0x39, 0x87, 0x00, 0x1C, 0x1B, 0x87, 0x00, 0x1C, 0x1F, 0x87, 0x00, 0x1C, 0x1F, 0x07, 0x00,
    0x1C, 0x0F, 0x07, 0x00, 0x1C, 0x0F, 0x07, 0x00, 0x1C, 0x00, 0x07, 0x00, 0x1C, 0x00, 0x07, 0x00,
    0x1C, 0x00, 0x07, 0x00, 0x1C, 0x00, 0x07, 0x00, 0x00, 0x00, 0x00, 0x00, 0x00, 0x00, 0x00, 0x00,
    0x00, 0x00, 0x00, 0x00, 0x00, 0x00, 0x00, 0x00, 0x00, 0x00, 0x00, 0x00, 0x00, 0x00, 0x00, 0x00,
    0x00, 0x00, 0x00, 0x00, 0x00, 0x00, 0x00, 0x00, 0x00, 0x00, 0x00, 0x00, 0x1F, 0x00, 0x38, 0x00,
    0x1F, 0x00, 0x38, 0x00, 0x1F, 0x80, 0x38, 0x00, 0x1F, 0x80, 0x38, 0x00, 0x1F, 0xC0, 0x38, 0x00,
    0x1D, 0xC0, 0x38, 0x00, 0x1C, 0xE0, 0x38, 0x00, 0x1C, 0xE0, 0x38, 0x00, 0x1C, 0x70, 0x38, 0x00,
    0x1C, 0x70, 0x38, 0x00, 0x1C, 0x38, 0x38, 0x00, 0x1C, 0x3C, 0x38, 0x00, 0x1C, 0x1C, 0x38, 0x00,
    0x1C, 0x1E, 0x38, 0x00, 0x1C, 0x0E, 0x38, 0x00, 0x1C, 0x07, 0x38, 0x00, 0x1C, 0x07, 0x38, 0x00,
    0x1C, 0x03, 0xB8, 0x00, 0x1C, 0x03, 0xF8, 0x00, 0x1C, 0x01, 0xF8, 0x00, 0x1C, 0x01, 0xF8, 0x00,
    0x1C, 0x00, 0xF8, 0x00, 0x1C, 0x00, 0xF8, 0x00, 0x00, 0x00, 0x00, 0x00, 0x00, 0x00, 0x00, 0x00,
    0x00, 0x00, 0x00, 0x00, 0x00, 0x00, 0x00, 0x00, 0x00, 0x00, 0x00, 0x00, 0x00, 0x00, 0x00, 0x00,
    0x00, 0x00, 0x00, 0x00, 0x00, 0x00, 0x00, 0x00, 0x00, 0x00, 0x00, 0x00, 0x00, 0x7F, 0x00, 0x00,
    0x01, 0xFF, 0xC0, 0x00, 0x07, 0xFF, 0xF0, 0x00, 0x0F, 0xC1, 0xF8, 0x00, 0x0F, 0x00, 0x78, 0x00,
    0x1E, 0x00, 0x3C, 0x00, 0x1C, 0x00, 0x1E, 0x00, 0x3C, 0x00, 0x1E, 0x00, 0x3C, 0x00, 0x0E, 0x00,
    0x38, 0x00, 0x0E, 0x00, 0x38, 0x00, 0x0E, 0x00, 0x38, 0x00, 0x0E, 0x00, 0x38, 0x00, 0x0E, 0x00,
    0x38, 0x00, 0x0E, 0x00, 0x3C, 0x00, 0x0E, 0x00, 0x3C, 0x00, 0x1E, 0x00, 0x1C, 0x00, 0x1E, 0x00,
    0x1E, 0x00, 0x3C, 0x00, 0x0F, 0x00, 0x78, 0x00, 0x0F, 0xC1, 0xF8, 0x00, 0x07, 0xFF, 0xF0, 0x00,
    0x01, 0xFF, 0xC0, 0x00, 0x00, 0x7F, 0x00, 0x00, 0x00, 0x00, 0x00, 0x00, 0x00, 0x00, 0x00, 0x00,
    0x00, 0x00, 0x00, 0x00, 0x00, 0x00, 0x00, 0x00, 0x00, 0x00, 0x00, 0x00, 0x00, 0x00, 0x00, 0x00,
    0x00, 0x00, 0x00, 0x00, 0x00, 0x00, 0x00, 0x00, 0x00, 0x00, 0x00, 0x00, 0x1F, 0xFC, 0x00, 0x00,
    0x1F, 0xFF, 0x00, 0x00, 0x1F, 0xFF, 0x80, 0x00, 0x1C, 0x07, 0x80, 0x00, 0x1C, 0x03, 0xC0, 0x00,
    0x1C, 0x01, 0xC0, 0x00, 0x1C, 0x01, 0xC0, 0x00, 0x1C, 0x01, 0xC0, 0x00, 0x1C, 0x01, 0xC0, 0x00,
    0x1C, 0x03, 0xC0, 0x00, 0x1C, 0x07, 0x80, 0x00, 0x1F, 0xFF, 0x80, 0x00, 0x1F, 0xFF, 0x00, 0x00,
    0x1F, 0xFC, 0x00, 0x00, 0x1C, 0x00, 0x00, 0x00, 0x1C, 0x00, 0x00, 0x00, 0x1C, 0x00, 0x00, 0x00,
    0x1C, 0x00, 0x00, 0x00, 0x1C, 0x00, 0x00, 0x00, 0x1C, 0x00, 0x00, 0x00, 0x1C, 0x00, 0x00, 0x00,
    0x1C, 0x00, 0x00, 0x00, 0x1C, 0x00, 0x00, 0x00, 0x00, 0x00, 0x00, 0x00, 0x00, 0x00, 0x00, 0x00,
    0x00, 0x00, 0x00, 0x00, 0x00, 0x00, 0x00, 0x00, 0x00, 0x00, 0x00, 0x00, 0x00, 0x00, 0x00, 0x00,
    0x00, 0x00, 0x00, 0x00, 0x00, 0x00, 0x00, 0x00, 0x00, 0x00, 0x00, 0x00, 0x00, 0x7F, 0x00, 0x00,
    0x01, 0xFF, 0xC0, 0x00, 0x07, 0xFF, 0xF0, 0x00, 0x0F, 0xC1, 0xF8, 0x00, 0x0F, 0x00, 0x7C, 0x00,
    0x1E, 0x00, 0x3C, 0x00, 0x1C, 0x00, 0x1E, 0x00, 0x3C, 0x00, 0x1E, 0x00, 0x3C, 0x00, 0x0E, 0x00,
    0x38, 0x00, 0x0E, 0x00, 0x38, 0x00, 0x0E, 0x00, 0x38, 0x00, 0x0E, 0x00, 0x38, 0x00, 0x0E, 0x00,
    0x38, 0x00, 0x0E, 0x00, 0x3C, 0x00, 0x0E, 0x00, 0x3C, 0x00, 0x1E, 0x00, 0x1C, 0x00, 0x1C, 0x00,
    0x1E, 0x00, 0x3C, 0x00, 0x0F, 0x00, 0x78, 0x00, 0x0F, 0xC1, 0xF8, 0x00, 0x07, 0xFF, 0xE0, 0x00,
    0x01, 0xFF, 0xC0, 0x00, 0x00, 0x7F, 0x80, 0x00, 0x00, 0x03, 0xC0, 0x00, 0x00, 0x01, 0xE0, 0x00,
    0x00, 0x00, 0x00, 0x00, 0x00, 0x00, 0x00, 0x00, 0x00, 0x00, 0x00, 0x00, 0x00, 0x00, 0x00, 0x00,
    0x00, 0x00, 0x00, 0x00, 0x00, 0x00, 0x00, 0x00, 0x00, 0x00, 0x00, 0x00, 0x1F, 0xFC, 0x00, 0x00,
    0x1F, 0xFF, 0x00, 0x00, 0x1F, 0xFF, 0x80, 0x00, 0x1C, 0x07, 0xC0, 0x00, 0x1C, 0x03, 0xC0, 0x00,
    0x1C, 0x01, 0xC0, 0x00, 0x1C, 0x01, 0xC0, 0x00, 0x1C, 0x01, 0xC0, 0x00, 0x1C, 0x03, 0xC0, 0x00,
    0x1C, 0x07, 0x80, 0x00, 0x1F, 0xFF, 0x00, 0x00, 0x1F, 0xFE, 0x00, 0x00, 0x1F, 0xFE, 0x00, 0x00,
    0x1C, 0x0F, 0x00, 0x00, 0x1C, 0x07, 0x80, 0x00, 0x1C, 0x03, 0xC0, 0x00, 0x1C, 0x01, 0xC0, 0x00,
    0x1C, 0x01, 0xE0, 0x00, 0x1C, 0x00, 0xE0, 0x00, 0x1C, 0x00, 0xF0, 0x00, 0x1C, 0x00, 0x70, 0x00,
    0x1C, 0x00, 0x78, 0x00, 0x1C, 0x00, 0x38, 0x00, 0x00, 0x00, 0x00, 0x00, 0x00, 0x00, 0x00, 0x00,
    0x00, 0x00, 0x00, 0x00, 0x00, 0x00, 0x00, 0x00, 0x00, 0x00, 0x00, 0x00, 0x00, 0x00, 0x00, 0x00,
    0x00, 0x00, 0x00, 0x00, 0x00, 0x00, 0x00, 0x00, 0x00, 0x00, 0x00, 0x00, 0x01, 0xFE, 0x00, 0x00,
    0x07, 0xFF, 0x80, 0x00, 0x0F, 0xFF, 0x80, 0x00, 0x1F, 0x01, 0x80, 0x00, 0x3C, 0x00, 0x00, 0x00,
    0x38, 0x00, 0x00, 0x00, 0x38, 0x00, 0x00, 0x00, 0x3C, 0x00, 0x00, 0x00, 0x3C, 0x00, 0x00, 0x00,
    0x1F, 0x80, 0x00, 0x00, 0x0F, 0xF8, 0x00, 0x00, 0x07, 0xFF, 0x00, 0x00, 0x00, 0xFF, 0x80, 0x00,
    0x00, 0x07, 0xC0, 0x00, 0x00, 0x03, 0xC0, 0x00, 0x00, 0x01, 0xC0, 0x00, 0x00, 0x01, 0xE0, 0x00,
    0x00, 0x01, 0xC0, 0x00, 0x00, 0x03, 0xC0, 0x00, 0x38, 0x07, 0xC0, 0x00, 0x3F, 0xFF, 0x80, 0x00,
    0x3F, 0xFF, 0x00, 0x00, 0x07, 0xFC, 0x00, 0x00, 0x00, 0x00, 0x00, 0x00, 0x00, 0x00, 0x00, 0x00,
    0x00, 0x00, 0x00, 0x00, 0x00, 0x00, 0x00, 0x00, 0x00, 0x00, 0x00, 0x00, 0x00, 0x00, 0x00, 0x00,
    0x00, 0x00, 0x00, 0x00, 0x00, 0x00, 0x00, 0x00, 0x00, 0x00, 0x00, 0x00, 0x7F, 0xFF, 0xF8, 0x00,
    0x7F, 0xFF, 0xF8, 0x00, 0x7F, 0xFF, 0xF8, 0x00, 0x00, 0x70, 0x00, 0x00, 0x00, 0x70, 0x00, 0x00,
    0x00, 0x70, 0x00, 0x00, 0x00, 0x70, 0x00, 0x00, 0x00, 0x70, 0x00, 0x00, 0x00, 0x70, 0x00, 0x00,
    0x00, 0x70, 0x00, 0x00, 0x00, 0x70, 0x00, 0x00, 0x00, 0x70, 0x00, 0x00, 0x00, 0x70, 0x00, 0x00,
    0x00, 0x70, 0x00, 0x00, 0x00, 0x70, 0x00, 0x00, 0x00, 0x70, 0x00, 0x00, 0x00, 0x70, 0x00, 0x00,
    0x00, 0x70, 0x00, 0x00, 0x00, 0x70, 0x00, 0x00, 0x00, 0x70, 0x00, 0x00, 0x00, 0x70, 0x00, 0x00,
    0x00, 0x70, 0x00, 0x00, 0x00, 0x70, 0x00, 0x00, 0x00, 0x00, 0x00, 0x00, 0x00, 0x00, 0x00, 0x00,
    0x00, 0x00, 0x00, 0x00, 0x00, 0x00, 0x00, 0x00, 0x00, 0x00, 0x00, 0x00, 0x00, 0x00, 0x00, 0x00,
    0x00, 0x00, 0x00, 0x00, 0x00, 0x00, 0x00, 0x00, 0x00, 0x00, 0x00, 0x00, 0x1C, 0x00, 0x78, 0x00,
    0x1C, 0x00, 0x78, 0x00, 0x1C, 0x00, 0x78, 0x00, 0x1C, 0x00, 0x78, 0x00, 0x1C, 0x00, 0x78, 0x00,
    0x1C, 0x00, 0x78, 0x00, 0x1C, 0x00, 0x78, 0x00, 0x1C, 0x00, 0x78, 0x00, 0x1C, 0x00, 0x78, 0x00,
    0x1C, 0x00, 0x78, 0x00, 0x1C, 0x00, 0x78, 0x00, 0x1C, 0x00, 0x78, 0x00, 0x1C, 0x00, 0x78, 0x00,
    0x1C, 0x00, 0x78, 0x00, 0x1C, 0x00, 0x78, 0x00, 0x1C, 0x00, 0x78, 0x00, 0x1C, 0x00, 0x70, 0x00,
    0x1E, 0x00, 0x70, 0x00, 0x0E, 0x00, 0xF0, 0x00, 0x0F, 0x81, 0xE0, 0x00, 0x07, 0xFF, 0xC0, 0x00,
    0x03, 0xFF, 0x80, 0x00, 0x00, 0xFE, 0x00, 0x00, 0x00, 0x00, 0x00, 0x00, 0x00, 0x00, 0x00, 0x00,
    0x00, 0x00, 0x00, 0x00, 0x00, 0x00, 0x00, 0x00, 0x00, 0x00, 0x00, 0x00, 0x00, 0x00, 0x00, 0x00,
    0x00, 0x00, 0x00, 0x00, 0x00, 0x00, 0x00, 0x00, 0x00, 0x00, 0x00, 0x00, 0xF0, 0x00, 0x38, 0x00,
    0x70, 0x00, 0x38, 0x00, 0x78, 0x00, 0x78, 0x00, 0x38, 0x00, 0x70, 0x00, 0x38, 0x00, 0x70, 0x00,
    0x3C, 0x00, 0xE0, 0x00, 0x1C, 0x00, 0xE0, 0x00, 0x1C, 0x01, 0xE0, 0x00, 0x0E, 0x01, 0xC0, 0x00,
    0x0E, 0x01, 0xC0, 0x00, 0x0F, 0x03, 0xC0, 0x00, 0x07, 0x03, 0x80, 0x00, 0x07, 0x03, 0x80, 0x00,
    0x07, 0x87, 0x00, 0x00, 0x03, 0x87, 0x00, 0x00, 0x03, 0x8F, 0x00, 0x00, 0x01, 0xCE, 0x00, 0x00,
    0x01, 0xCE, 0x00, 0x00, 0x01, 0xFC, 0x00, 0x00, 0x00, 0xFC, 0x00, 0x00, 0x00, 0xFC, 0x00, 0x00,
    0x00, 0x78, 0x00, 0x00, 0x00, 0x78, 0x00, 0x00, 0x00, 0x00, 0x00, 0x00, 0x00, 0x00, 0x00, 0x00,
    0x00, 0x00, 0x00, 0x00, 0x00, 0x00, 0x00, 0x00, 0x00, 0x00, 0x00, 0x00, 0x00, 0x00, 0x00, 0x00,
    0x00, 0x00, 0x00, 0x00, 0x00, 0x00, 0x00, 0x00, 0x00, 0x00, 0x00, 0x00, 0x70, 0x03, 0xC0, 0x1C,
    0x78, 0x03, 0xC0, 0x1C, 0x38, 0x07, 0xC0, 0x1C, 0x38, 0x07, 0xC0, 0x1C, 0x38, 0x06, 0xE0, 0x38,
    0x3C, 0x06, 0xE0, 0x38, 0x1C, 0x0E, 0x60, 0x38, 0x1C, 0x0E, 0x60, 0x38, 0x1C, 0x0C, 0x70, 0x70,
    0x1E, 0x0C, 0x70, 0x70, 0x0E, 0x1C, 0x30, 0x70, 0x0E, 0x1C, 0x30, 0xF0, 0x0E, 0x18, 0x38, 0xE0,
    0x0F, 0x18, 0x38, 0xE0, 0x07, 0x38, 0x18, 0xE0, 0x07, 0x38, 0x1D, 0xE0, 0x07, 0x30, 0x1D, 0xC0,
    0x03, 0xB0, 0x1D, 0xC0, 0x03, 0xF0, 0x0F, 0xC0, 0x03, 0xF0, 0x0F, 0xC0, 0x03, 0xE0, 0x0F, 0x80,
    0x01, 0xE0, 0x0F, 0x80, 0x01, 0xE0, 0x07, 0x80, 0x00, 0x00, 0x00, 0x00, 0x00, 0x00, 0x00, 0x00,
    0x00, 0x00, 0x00, 0x00, 0x00, 0x00, 0x00, 0x00, 0x00, 0x00, 0x00, 0x00, 0x00, 0x00, 0x00, 0x00,
    0x00, 0x00, 0x00, 0x00, 0x00, 0x00, 0x00, 0x00, 0x00, 0x00, 0x00, 0x00, 0x3C, 0x00, 0x70, 0x00,
    0x1C, 0x00, 0xE0, 0x00, 0x0E, 0x01, 0xE0, 0x00, 0x0F, 0x01, 0xC0, 0x00, 0x07, 0x03, 0x80, 0x00,
    0x03, 0x87, 0x80, 0x00, 0x03, 0xCF, 0x00, 0x00, 0x01, 0xCE, 0x00, 0x00, 0x00, 0xFC, 0x00, 0x00,
    0x00, 0xFC, 0x00, 0x00, 0x00, 0x78, 0x00, 0x00, 0x00, 0x78, 0x00, 0x00, 0x00, 0xFC, 0x00, 0x00,
    0x00, 0xFE, 0x00, 0x00, 0x01, 0xCE, 0x00, 0x00, 0x03, 0xCF, 0x00, 0x00, 0x07, 0x87, 0x80, 0x00,
    0x07, 0x03, 0x80, 0x00, 0x0F, 0x03, 0xC0, 0x00, 0x1E, 0x01, 0xE0, 0x00, 0x1C, 0x00, 0xE0, 0x00,
    0x38, 0x00, 0x70, 0x00, 0x78, 0x00, 0x78, 0x00, 0x00, 0x00, 0x00, 0x00, 0x00, 0x00, 0x00, 0x00,
    0x00, 0x00, 0x00, 0x00, 0x00, 0x00, 0x00, 0x00, 0x00, 0x00, 0x00, 0x00, 0x00, 0x00, 0x00, 0x00,
    0x00, 0x00, 0x00, 0x00, 0x00, 0x00, 0x00, 0x00, 0x00, 0x00, 0x00, 0x00, 0x78, 0x00, 0x70, 0x00,
    0x38, 0x00, 0xF0, 0x00, 0x1C, 0x00, 0xE0, 0x00, 0x1E, 0x01, 0xC0, 0x00, 0x0E, 0x03, 0xC0, 0x00,
    0x07, 0x07, 0x80, 0x00, 0x07, 0x87, 0x00, 0x00, 0x03, 0x8E, 0x00, 0x00, 0x01, 0xDE, 0x00, 0x00,
    0x01, 0xFC, 0x00, 0x00, 0x00, 0xF8, 0x00, 0x00, 0x00, 0x78, 0x00, 0x00, 0x00, 0x70, 0x00, 0x00,
    0x00, 0x70, 0x00, 0x00, 0x00, 0x70, 0x00, 0x00, 0x00, 0x70, 0x00, 0x00, 0x00, 0x70, 0x00, 0x00,
    0x00, 0x70, 0x00, 0x00, 0x00, 0x70, 0x00, 0x00, 0x00, 0x70, 0x00, 0x00, 0x00, 0x70, 0x00, 0x00,
    0x00, 0x70, 0x00, 0x00, 0x00, 0x70, 0x00, 0x00, 0x00, 0x00, 0x00, 0x00, 0x00, 0x00, 0x00, 0x00,
    0x00, 0x00, 0x00, 0x00, 0x00, 0x00, 0x00, 0x00, 0x00, 0x00, 0x00, 0x00, 0x00, 0x00, 0x00, 0x00,
    0x00, 0x00, 0x00, 0x00, 0x00, 0x00, 0x00, 0x00, 0x00, 0x00, 0x00, 0x00, 0x3F, 0xFF, 0xF0, 0x00,
    0x3F, 0xFF, 0xF0, 0x00, 0x3F, 0xFF, 0xF0, 0x00, 0x00, 0x00, 0xE0, 0x00, 0x00, 0x01, 0xC0, 0x00,
    0x00, 0x03, 0x80, 0x00, 0x00, 0x07, 0x80, 0x00, 0x00, 0x0F, 0x00, 0x00, 0x00, 0x0E, 0x00, 0x00,
    0x00, 0x1C, 0x00, 0x00, 0x00, 0x38, 0x00, 0x00, 0x00, 0x70, 0x00, 0x00, 0x00, 0xF0, 0x00, 0x00,
    0x01, 0xE0, 0x00, 0x00, 0x01, 0xC0, 0x00, 0x00, 0x03, 0x80, 0x00, 0x00, 0x07, 0x00, 0x00, 0x00,
    0x0E, 0x00, 0x00, 0x00, 0x1E, 0x00, 0x00, 0x00, 0x3C, 0x00, 0x00, 0x00, 0x3F, 0xFF, 0xF0, 0x00,
    0x7F, 0xFF, 0xF0, 0x00, 0x7F, 0xFF, 0xF0, 0x00, 0x00, 0x00, 0x00, 0x00, 0x00, 0x00, 0x00, 0x00,
    0x00, 0x00, 0x00, 0x00, 0x00, 0x00, 0x00, 0x00, 0x00, 0x00, 0x00, 0x00, 0x00, 0x00, 0x00, 0x00,
    0x00, 0x00, 0x00, 0x00, 0x00, 0x00, 0x00, 0x00, 0x1F, 0x80, 0x00, 0x00, 0x1F, 0x80, 0x00, 0x00,
    0x1F, 0x80, 0x00, 0x00, 0x1C, 0x00, 0x00, 0x00, 0x1C, 0x00, 0x00, 0x00, 0x1C, 0x00, 0x00, 0x00,
    0x1C, 0x00, 0x00, 0x00, 0x1C, 0x00, 0x00, 0x00, 0x1C, 0x00, 0x00, 0x00, 0x1C, 0x00, 0x00, 0x00,
    0x1C, 0x00, 0x00, 0x00, 0x1C, 0x00, 0x00, 0x00, 0x1C, 0x00, 0x00, 0x00, 0x1C, 0x00, 0x00, 0x00,
    0x1C, 0x00, 0x00, 0x00, 0x1C, 0x00, 0x00, 0x00, 0x1C, 0x00, 0x00, 0x00, 0x1C, 0x00, 0x00, 0x00,
    0x1C, 0x00, 0x00, 0x00, 0x1C, 0x00, 0x00, 0x00, 0x1C, 0x00, 0x00, 0x00, 0x1C, 0x00, 0x00, 0x00,
    0x1C, 0x00, 0x00, 0x00, 0x1C, 0x00, 0x00, 0x00, 0x1C, 0x00, 0x00, 0x00, 0x1C, 0x00, 0x00, 0x00,
    0x00, 0x00, 0x00, 0x00, 0x00, 0x00, 0x00, 0x00, 0x00, 0x00, 0x00, 0x00, 0x00, 0x00, 0x00, 0x00,
    0x00, 0x00, 0x00, 0x00, 0x00, 0x00, 0x00, 0x00, 0x00, 0x00, 0x00, 0x00, 0xE0, 0x00, 0x00, 0x00,
    0xE0, 0x00, 0x00, 0x00, 0x60, 0x00, 0x00, 0x00, 0x70, 0x00, 0x00, 0x00, 0x70, 0x00, 0x00, 0x00,
    0x30, 0x00, 0x00, 0x00, 0x38, 0x00, 0x00, 0x00, 0x38, 0x00, 0x00, 0x00, 0x18, 0x00, 0x00, 0x00,
    0x1C, 0x00, 0x00, 0x00, 0x1C, 0x00, 0x00, 0x00, 0x0C, 0x00, 0x00, 0x00, 0x0E, 0x00, 0x00, 0x00,
    0x0E, 0x00, 0x00, 0x00, 0x06, 0x00, 0x00, 0x00, 0x06, 0x00, 0x00, 0x00, 0x07, 0x00, 0x00, 0x00,
    0x07, 0x00, 0x00, 0x00, 0x03, 0x00, 0x00, 0x00, 0x03, 0x80, 0x00, 0x00, 0x03, 0x80, 0x00, 0x00,
    0x01, 0x80, 0x00, 0x00, 0x01, 0xC0, 0x00, 0x00, 0x01, 0xC0, 0x00, 0x00, 0x00, 0xC0, 0x00, 0x00,
    0x00, 0x00, 0x00, 0x00, 0x00, 0x00, 0x00, 0x00, 0x00, 0x00, 0x00, 0x00, 0x00, 0x00, 0x00, 0x00,
    0x00, 0x00, 0x00, 0x00, 0x00, 0x00, 0x00, 0x00, 0x1F, 0xC0, 0x00, 0x00, 0x1F, 0xC0, 0x00, 0x00,
    0x1F, 0xC0, 0x00, 0x00, 0x01, 0xC0, 0x00, 0x00, 0x01, 0xC0, 0x00, 0x00, 0x01, 0xC0, 0x00, 0x00,
    0x01, 0xC0, 0x00, 0x00, 0x01, 0xC0, 0x00, 0x00, 0x01, 0xC0, 0x00, 0x00, 0x01, 0xC0, 0x00, 0x00,
    0x01, 0xC0, 0x00, 0x00, 0x01, 0xC0, 0x00, 0x00, 0x01, 0xC0, 0x00, 0x00, 0x01, 0xC0, 0x00, 0x00,
    0x01, 0xC0, 0x00, 0x00, 0x01, 0xC0, 0x00, 0x00, 0x01, 0xC0, 0x00, 0x00, 0x01, 0xC0, 0x00, 0x00,
    0x01, 0xC0, 0x00, 0x00, 0x01, 0xC0, 0x00, 0x00, 0x01, 0xC0, 0x00, 0x00, 0x01, 0xC0, 0x00, 0x00,
    0x01, 0xC0, 0x00, 0x00, 0x01, 0xC0, 0x00, 0x00, 0x01, 0xC0, 0x00, 0x00, 0x01, 0xC0, 0x00, 0x00,
    0x00, 0x00, 0x00, 0x00, 0x00, 0x00, 0x00, 0x00, 0x00, 0x00, 0x00, 0x00, 0x00, 0x00, 0x00, 0x00,
    0x00, 0x00, 0x00, 0x00, 0x00, 0x00, 0x00, 0x00, 0x00, 0x00, 0x00, 0x00, 0x00, 0x1E, 0x00, 0x00,
    0x00, 0x3F, 0x00, 0x00, 0x00, 0x3F, 0x80, 0x00, 0x00, 0x73, 0xC0, 0x00, 0x00, 0xE1, 0xE0, 0x00,
    0x01, 0xC0, 0x70, 0x00, 0x03, 0x80, 0x38, 0x00, 0x07, 0x00, 0x1C, 0x00, 0x0E, 0x00, 0x0E, 0x00,
    0x00, 0x00, 0x00, 0x00, 0x00, 0x00, 0x00, 0x00, 0x00, 0x00, 0x00, 0x00, 0x00, 0x00, 0x00, 0x00,
    0x00, 0x00, 0x00, 0x00, 0x00, 0x00, 0x00, 0x00, 0x00, 0x00, 0x00, 0x00, 0x00, 0x00, 0x00, 0x00,
    0x00, 0x00, 0x00, 0x00, 0x00, 0x00, 0x00, 0x00, 0x00, 0x00, 0x00, 0x00, 0x00, 0x00, 0x00, 0x00,
    0x00, 0x00, 0x00, 0x00, 0x00, 0x00, 0x00, 0x00, 0x00, 0x00, 0x00, 0x00, 0x00, 0x00, 0x00, 0x00,
    0x00, 0x00, 0x00, 0x00, 0x00, 0x00, 0x00, 0x00, 0x00, 0x00, 0x00, 0x00, 0x00, 0x00, 0x00, 0x00,
    0x00, 0x00, 0x00, 0x00, 0x00, 0x00, 0x00, 0x00, 0x00, 0x00, 0x00, 0x00, 0x00, 0x00, 0x00, 0x00,
    0x00, 0x00, 0x00, 0x00, 0x00, 0x00, 0x00, 0x00, 0x00, 0x00, 0x00, 0x00, 0x00, 0x00, 0x00, 0x00,
    0x00, 0x00, 0x00, 0x00, 0x00, 0x00, 0x00, 0x00, 0x00, 0x00, 0x00, 0x00, 0x00, 0x00, 0x00, 0x00,
    0x00, 0x00, 0x00, 0x00, 0x00, 0x00, 0x00, 0x00, 0x00, 0x00, 0x00, 0x00, 0x00, 0x00, 0x00, 0x00,
    0x00, 0x00, 0x00, 0x00, 0x00, 0x00, 0x00, 0x00, 0x00, 0x00, 0x00, 0x00, 0x00, 0x00, 0x00, 0x00,
    0x00, 0x00, 0x00, 0x00, 0x00, 0x00, 0x00, 0x00, 0x00, 0x00, 0x00, 0x00, 0x00, 0x00, 0x00, 0x00,
    0x00, 0x00, 0x00, 0x00, 0x00, 0x00, 0x00, 0x00, 0x00, 0x00, 0x00, 0x00, 0x00, 0x00, 0x00, 0x00,
    0x00, 0x00, 0x00, 0x00, 0x00, 0x00, 0x00, 0x00, 0x00, 0x00, 0x00, 0x00, 0x00, 0x00, 0x00, 0x00,
    0x1C, 0x00, 0x00, 0x00, 0x0E, 0x00, 0x00, 0x00, 0x07, 0x00, 0x00, 0x00, 0x03, 0x00, 0x00, 0x00,
    0x03, 0x80, 0x00, 0x00, 0x01, 0xC0, 0x00, 0x00, 0x00, 0x00, 0x00, 0x00, 0x00, 0x00, 0x00, 0x00,
    0x00, 0x00, 0x00, 0x00, 0x00, 0x00, 0x00, 0x00, 0x00, 0x00, 0x00, 0x00, 0x00, 0x00, 0x00, 0x00,
    0x00, 0x00, 0x00, 0x00, 0x00, 0x00, 0x00, 0x00, 0x00, 0x00, 0x00, 0x00, 0x00, 0x00, 0x00, 0x00,
    0x00, 0x00, 0x00, 0x00, 0x00, 0x00, 0x00, 0x00, 0x00, 0x00, 0x00, 0x00, 0x00, 0x00, 0x00, 0x00,
    0x00, 0x00, 0x00, 0x00, 0x00, 0x00, 0x00, 0x00, 0x00, 0x00, 0x00, 0x00, 0x00, 0x00, 0x00, 0x00,
    0x00, 0x00, 0x00, 0x00, 0x00, 0x00, 0x00, 0x00, 0x00, 0x00, 0x00, 0x00, 0x00, 0x00, 0x00, 0x00,
    0x00, 0x00, 0x00, 0x00, 0x00, 0x00, 0x00, 0x00, 0x00, 0x00, 0x00, 0x00, 0x00, 0x00, 0x00, 0x00,
    0x00, 0x00, 0x00, 0x00, 0x00, 0x00, 0x00, 0x00, 0x00, 0x00, 0x00, 0x00, 0x00, 0x00, 0x00, 0x00,
    0x00, 0x00, 0x00, 0x00, 0x00, 0x00, 0x00, 0x00, 0x00, 0x00, 0x00, 0x00, 0x00, 0x00, 0x00, 0x00,
    0x07, 0xF0, 0x00, 0x00, 0x1F, 0xFC, 0x00, 0x00, 0x1F, 0xFE, 0x00, 0x00, 0x18, 0x0F, 0x00, 0x00,
    0x00, 0x07, 0x00, 0x00, 0x00, 0x03, 0x00, 0x00, 0x00, 0x03, 0x80, 0x00, 0x03, 0xFF, 0x80, 0x00,
    0x0F, 0xFF, 0x80, 0x00, 0x1F, 0xFF, 0x80, 0x00, 0x3C, 0x03, 0x80, 0x00, 0x38, 0x03, 0x80, 0x00,
    0x38, 0x07, 0x80, 0x00, 0x38, 0x07, 0x80, 0x00, 0x3C, 0x1F, 0x80, 0x00, 0x1F, 0xFF, 0x80, 0x00,
    0x1F, 0xF3, 0x80, 0x00, 0x07, 0xE3, 0x80, 0x00, 0x00, 0x00, 0x00, 0x00, 0x00, 0x00, 0x00, 0x00,
    0x00, 0x00, 0x00, 0x00, 0x00, 0x00, 0x00, 0x00, 0x00, 0x00, 0x00, 0x00, 0x00, 0x00, 0x00, 0x00,
    0x00, 0x00, 0x00, 0x00, 0x00, 0x00, 0x00, 0x00, 0x1C, 0x00, 0x00, 0x00, 0x1C, 0x00, 0x00, 0x00,
    0x1C, 0x00, 0x00, 0x00, 0x1C, 0x00, 0x00, 0x00, 0x1C, 0x00, 0x00, 0x00, 0x1C, 0x00, 0x00, 0x00,
    0x1C, 0x7C, 0x00, 0x00, 0x1D, 0xFF, 0x00, 0x00, 0x1F, 0xFF, 0x80, 0x00, 0x1F, 0x87, 0x80, 0x00,
    0x1E, 0x03, 0xC0, 0x00, 0x1E, 0x01, 0xC0, 0x00, 0x1C, 0x01, 0xC0, 0x00, 0x1C, 0x01, 0xC0, 0x00,
    0x1C, 0x00, 0xE0, 0x00, 0x1C, 0x00, 0xE0, 0x00, 0x1C, 0x01, 0xC0, 0x00, 0x1C, 0x01, 0xC0, 0x00,
    0x1E, 0x01, 0xC0, 0x00, 0x1E, 0x03, 0xC0, 0x00, 0x1F, 0x87, 0x80, 0x00, 0x1F, 0xFF, 0x80, 0x00,
    0x1D, 0xFF, 0x00, 0x00, 0x1C, 0x7C, 0x00, 0x00, 0x00, 0x00, 0x00, 0x00, 0x00, 0x00, 0x00, 0x00,
    0x00, 0x00, 0x00, 0x00, 0x00, 0x00, 0x00, 0x00, 0x00, 0x00, 0x00, 0x00, 0x00, 0x00, 0x00, 0x00,
    0x00, 0x00, 0x00, 0x00, 0x00, 0x00, 0x00, 0x00, 0x00, 0x00, 0x00, 0x00, 0x00, 0x00, 0x00, 0x00,
    0x00, 0x00, 0x00, 0x00, 0x00, 0x00, 0x00, 0x00, 0x00, 0x00, 0x00, 0x00, 0x00, 0x00, 0x00, 0x00,
    0x01, 0xFC, 0x00, 0x00, 0x07, 0xFF, 0x00, 0x00, 0x0F, 0xFF, 0x00, 0x00, 0x1F, 0x03, 0x00, 0x00,
    0x1C, 0x00, 0x00, 0x00, 0x3C, 0x00, 0x00, 0x00, 0x38, 0x00, 0x00, 0x00, 0x38, 0x00, 0x00, 0x00,
    0x38, 0x00, 0x00, 0x00, 0x38, 0x00, 0x00, 0x00, 0x38, 0x00, 0x00, 0x00, 0x38, 0x00, 0x00, 0x00,
    0x3C, 0x00, 0x00, 0x00, 0x1C, 0x00, 0x00, 0x00, 0x1F, 0x03, 0x00, 0x00, 0x0F, 0xFF, 0x00, 0x00,
    0x07, 0xFF, 0x00, 0x00, 0x01, 0xFC, 0x00, 0x00, 0x00, 0x00, 0x00, 0x00, 0x00, 0x00, 0x00, 0x00,
    0x00, 0x00, 0x00, 0x00, 0x00, 0x00, 0x00, 0x00, 0x00, 0x00, 0x00, 0x00, 0x00, 0x00, 0x00, 0x00,
    0x00, 0x00, 0x00, 0x00, 0x00, 0x00, 0x00, 0x00, 0x00, 0x01, 0x80, 0x00, 0x00, 0x01, 0x80, 0x00,
    0x00, 0x01, 0x80, 0x00, 0x00, 0x01, 0x80, 0x00, 0x00, 0x01, 0x80, 0x00, 0x00, 0x01, 0x80, 0x00,
    0x03, 0xF1, 0x80, 0x00, 0x07, 0xF9, 0x80, 0x00, 0x0F, 0xFF, 0x80, 0x00, 0x1E, 0x0F, 0x80, 0x00,
    0x1C, 0x07, 0x80, 0x00, 0x38, 0x03, 0x80, 0x00, 0x38, 0x03, 0x80, 0x00, 0x38, 0x03, 0x80, 0x00,
    0x38, 0x03, 0x80, 0x00, 0x38, 0x03, 0x80, 0x00, 0x38, 0x03, 0x80, 0x00, 0x38, 0x03, 0x80, 0x00,
    0x38, 0x03, 0x80, 0x00, 0x1C, 0x07, 0x80, 0x00, 0x1E, 0x0F, 0x80, 0x00, 0x0F, 0xFF, 0x80, 0x00,
    0x07, 0xF9, 0x80, 0x00, 0x03, 0xF1, 0x80, 0x00, 0x00, 0x00, 0x00, 0x00, 0x00, 0x00, 0x00, 0x00,
    0x00, 0x00, 0x00, 0x00, 0x00, 0x00, 0x00, 0x00, 0x00, 0x00, 0x00, 0x00, 0x00, 0x00, 0x00, 0x00,
    0x00, 0x00, 0x00, 0x00, 0x00, 0x00, 0x00, 0x00, 0x00, 0x00, 0x00, 0x00, 0x00, 0x00, 0x00, 0x00,
    0x00, 0x00, 0x00, 0x00, 0x00, 0x00, 0x00, 0x00, 0x00, 0x00, 0x00, 0x00, 0x00, 0x00, 0x00, 0x00,
    0x01, 0xF8, 0x00, 0x00, 0x07, 0xFE, 0x00, 0x00, 0x0F, 0xFF, 0x00, 0x00, 0x1F, 0x07, 0x80, 0x00,
    0x1C, 0x03, 0x80, 0x00, 0x38, 0x01, 0xC0, 0x00, 0x38, 0x01, 0xC0, 0x00, 0x3F, 0xFF, 0xC0, 0x00,
    0x3F, 0xFF, 0xC0, 0x00, 0x3F, 0xFF, 0xC0, 0x00, 0x38, 0x00, 0x00, 0x00, 0x38, 0x00, 0x00, 0x00,
    0x3C, 0x00, 0x00, 0x00, 0x1C, 0x00, 0x80, 0x00, 0x1F, 0x03, 0x80, 0x00, 0x0F, 0xFF, 0x80, 0x00,
    0x07, 0xFF, 0x00, 0x00, 0x01, 0xFC, 0x00, 0x00, 0x00, 0x00, 0x00, 0x00, 0x00, 0x00, 0x00, 0x00,
    0x00, 0x00, 0x00, 0x00, 0x00, 0x00, 0x00, 0x00, 0x00, 0x00, 0x00, 0x00, 0x00, 0x00, 0x00, 0x00,
    0x00, 0x00, 0x00, 0x00, 0x00, 0x00, 0x00, 0x00, 0x03, 0xF0, 0x00, 0x00, 0x07, 0xF0, 0x00, 0x00,
    0x0F, 0xF0, 0x00, 0x00, 0x0E, 0x00, 0x00, 0x00, 0x0C, 0x00, 0x00, 0x00, 0x1C, 0x00, 0x00, 0x00,
    0x7F, 0xE0, 0x00, 0x00, 0x7F, 0xE0, 0x00, 0x00, 0x7F, 0xE0, 0x00, 0x00, 0x1C, 0x00, 0x00, 0x00,
    0x1C, 0x00, 0x00, 0x00, 0x1C, 0x00, 0x00, 0x00, 0x1C, 0x00, 0x00, 0x00, 0x1C, 0x00, 0x00, 0x00,
    0x1C, 0x00, 0x00, 0x00, 0x1C, 0x00, 0x00, 0x00, 0x1C, 0x00, 0x00, 0x00, 0x1C, 0x00, 0x00, 0x00,
    0x1C, 0x00, 0x00, 0x00, 0x1C, 0x00, 0x00, 0x00, 0x1C, 0x00, 0x00, 0x00, 0x1C, 0x00, 0x00, 0x00,
    0x1C, 0x00, 0x00, 0x00, 0x1C, 0x00, 0x00, 0x00, 0x00, 0x00, 0x00, 0x00, 0x00, 0x00, 0x00, 0x00,
    0x00, 0x00, 0x00, 0x00, 0x00, 0x00, 0x00, 0x00, 0x00, 0x00, 0x00, 0x00, 0x00, 0x00, 0x00, 0x00,
    0x00, 0x00, 0x00, 0x00, 0x00, 0x00, 0x00, 0x00, 0x00, 0x00, 0x00, 0x00, 0x00, 0x00, 0x00, 0x00,
    0x00, 0x00, 0x00, 0x00, 0x00, 0x00, 0x00, 0x00, 0x00, 0x00, 0x00, 0x00, 0x00, 0x00, 0x00, 0x00,
    0x03, 0xF1, 0x80, 0x00, 0x07, 0xF9, 0x80, 0x00, 0x0F, 0xFF, 0x80, 0x00, 0x1E, 0x0F, 0x80, 0x00,
    0x1C, 0x07, 0x80, 0x00, 0x38, 0x03, 0x80, 0x00, 0x38, 0x03, 0x80, 0x00, 0x38, 0x03, 0x80, 0x00,
    0x38, 0x03, 0x80, 0x00, 0x38, 0x03, 0x80, 0x00, 0x38, 0x03, 0x80, 0x00, 0x38, 0x03, 0x80, 0x00,
    0x38, 0x03, 0x80, 0x00, 0x1C, 0x07, 0x80, 0x00, 0x1E, 0x0F, 0x80, 0x00, 0x0F, 0xFF, 0x80, 0x00,
    0x07, 0xFB, 0x80, 0x00, 0x03, 0xF3, 0x80, 0x00, 0x00, 0x03, 0x80, 0x00, 0x00, 0x03, 0x80, 0x00,
    0x00, 0x00, 0x00, 0x00, 0x00, 0x00, 0x00, 0x00, 0x00, 0x00, 0x00, 0x00, 0x00, 0x00, 0x00, 0x00,
    0x00, 0x00, 0x00, 0x00, 0x00, 0x00, 0x00, 0x00, 0x1C, 0x00, 0x00, 0x00, 0x1C, 0x00, 0x00, 0x00,
    0x1C, 0x00, 0x00, 0x00, 0x1C, 0x00, 0x00, 0x00, 0x1C, 0x00, 0x00, 0x00, 0x1C, 0x00, 0x00, 0x00,
    0x1C, 0x7C, 0x00, 0x00, 0x1D, 0xFF, 0x00, 0x00, 0x1F, 0xFF, 0x00, 0x00, 0x1F, 0x07, 0x80, 0x00,
    0x1E, 0x03, 0x80, 0x00, 0x1C, 0x03, 0x80, 0x00, 0x1C, 0x01, 0xC0, 0x00, 0x1C, 0x01, 0xC0, 0x00,
    0x1C, 0x01, 0xC0, 0x00, 0x1C, 0x01, 0xC0, 0x00, 0x1C, 0x01, 0xC0, 0x00, 0x1C, 0x01, 0xC0, 0x00,
    0x1C, 0x01, 0xC0, 0x00, 0x1C, 0x01, 0xC0, 0x00, 0x1C, 0x01, 0xC0, 0x00, 0x1C, 0x01, 0xC0, 0x00,
    0x1C, 0x01, 0xC0, 0x00, 0x1C, 0x01, 0xC0, 0x00, 0x00, 0x00, 0x00, 0x00, 0x00, 0x00, 0x00, 0x00,
    0x00, 0x00, 0x00, 0x00, 0x00, 0x00, 0x00, 0x00, 0x00, 0x00, 0x00, 0x00, 0x00, 0x00, 0x00, 0x00,
    0x00, 0x00, 0x00, 0x00, 0x00, 0x00, 0x00, 0x00, 0x1C, 0x00, 0x00, 0x00, 0x1C, 0x00, 0x00, 0x00,
    0x1C, 0x00, 0x00, 0x00, 0x1C, 0x00, 0x00, 0x00, 0x00, 0x00, 0x00, 0x00, 0x00, 0x00, 0x00, 0x00,
    0x1C, 0x00, 0x00, 0x00, 0x1C, 0x00, 0x00, 0x00, 0x1C, 0x00, 0x00, 0x00, 0x1C, 0x00, 0x00, 0x00,
    0x1C, 0x00, 0x00, 0x00, 0x1C, 0x00, 0x00, 0x00, 0x1C, 0x00, 0x00, 0x00, 0x1C, 0x00, 0x00, 0x00,
    0x1C, 0x00, 0x00, 0x00, 0x1C, 0x00, 0x00, 0x00, 0x1C, 0x00, 0x00, 0x00, 0x1C, 0x00, 0x00, 0x00,
    0x1C, 0x00, 0x00, 0x00, 0x1C, 0x00, 0x00, 0x00, 0x1C, 0x00, 0x00, 0x00, 0x1C, 0x00, 0x00, 0x00,
    0x1C, 0x00, 0x00, 0x00, 0x1C, 0x00, 0x00, 0x00, 0x00, 0x00, 0x00, 0x00, 0x00, 0x00, 0x00, 0x00,
    0x00, 0x00, 0x00, 0x00, 0x00, 0x00, 0x00, 0x00, 0x00, 0x00, 0x00, 0x00, 0x00, 0x00, 0x00, 0x00,
    0x00, 0x00, 0x00, 0x00, 0x00, 0x00, 0x00, 0x00, 0x0E, 0x00, 0x00, 0x00, 0x0E, 0x00, 0x00, 0x00,
    0x0E, 0x00, 0x00, 0x00, 0x0E, 0x00, 0x00, 0x00, 0x00, 0x00, 0x00, 0x00, 0x00, 0x00, 0x00, 0x00,
    0x0E, 0x00, 0x00, 0x00, 0x0E, 0x00, 0x00, 0x00, 0x0E, 0x00, 0x00, 0x00, 0x0E, 0x00, 0x00, 0x00,
    0x0E, 0x00, 0x00, 0x00, 0x0E, 0x00, 0x00, 0x00, 0x0E, 0x00, 0x00, 0x00, 0x0E, 0x00, 0x00, 0x00,
    0x0E, 0x00, 0x00, 0x00, 0x0E, 0x00, 0x00, 0x00, 0x0E, 0x00, 0x00, 0x00, 0x0E, 0x00, 0x00, 0x00,
    0x0E, 0x00, 0x00, 0x00, 0x0E, 0x00, 0x00, 0x00, 0x0E, 0x00, 0x00, 0x00, 0x0E, 0x00, 0x00, 0x00,
    0x0E, 0x00, 0x00, 0x00, 0x0E, 0x00, 0x00, 0x00, 0x0E, 0x00, 0x00, 0x00, 0x0E, 0x00, 0x00, 0x00,
    0x00, 0x00, 0x00, 0x00, 0x00, 0x00, 0x00, 0x00, 0x00, 0x00, 0x00, 0x00, 0x00, 0x00, 0x00, 0x00,
    0x00, 0x00, 0x00, 0x00, 0x00, 0x00, 0x00, 0x00, 0x1C, 0x00, 0x00, 0x00, 0x1C, 0x00, 0x00, 0x00,
    0x1C, 0x00, 0x00, 0x00, 0x1C, 0x00, 0x00, 0x00, 0x1C, 0x00, 0x00, 0x00, 0x1C, 0x00, 0x00, 0x00,
    0x1C, 0x03, 0x80, 0x00, 0x1C, 0x07, 0x00, 0x00, 0x1C, 0x0E, 0x00, 0x00, 0x1C, 0x1C, 0x00, 0x00,
    0x1C, 0x78, 0x00, 0x00, 0x1C, 0xF0, 0x00, 0x00, 0x1D, 0xE0, 0x00, 0x00, 0x1F, 0xC0, 0x00, 0x00,
    0x1F, 0x80, 0x00, 0x00, 0x1F, 0xC0, 0x00, 0x00, 0x1D, 0xE0, 0x00, 0x00, 0x1C, 0xF0, 0x00, 0x00,
    0x1C, 0x78, 0x00, 0x00, 0x1C, 0x3C, 0x00, 0x00, 0x1C, 0x1E, 0x00, 0x00, 0x1C, 0x0F, 0x00, 0x00,
    0x1C, 0x07, 0x80, 0x00, 0x1C, 0x03, 0xC0, 0x00, 0x00, 0x00, 0x00, 0x00, 0x00, 0x00, 0x00, 0x00,
    0x00, 0x00, 0x00, 0x00, 0x00, 0x00, 0x00, 0x00, 0x00, 0x00, 0x00, 0x00, 0x00, 0x00, 0x00, 0x00,
    0x00, 0x00, 0x00, 0x00, 0x00, 0x00, 0x00, 0x00, 0x1C, 0x00, 0x00, 0x00, 0x1C, 0x00, 0x00, 0x00,
    0x1C, 0x00, 0x00, 0x00, 0x1C, 0x00, 0x00, 0x00, 0x1C, 0x00, 0x00, 0x00, 0x1C, 0x00, 0x00, 0x00,
    0x1C, 0x00, 0x00, 0x00, 0x1C, 0x00, 0x00, 0x00, 0x1C, 0x00, 0x00, 0x00, 0x1C, 0x00, 0x00, 0x00,
    0x1C, 0x00, 0x00, 0x00, 0x1C, 0x00, 0x00, 0x00, 0x1C, 0x00, 0x00, 0x00, 0x1C, 0x00, 0x00, 0x00,
    0x1C, 0x00, 0x00, 0x00, 0x1C, 0x00, 0x00, 0x00, 0x1C, 0x00, 0x00, 0x00, 0x1C, 0x00, 0x00, 0x00,
    0x1C, 0x00, 0x00, 0x00, 0x1C, 0x00, 0x00, 0x00, 0x1C, 0x00, 0x00, 0x00, 0x1C, 0x00, 0x00, 0x00,
    0x1C, 0x00, 0x00, 0x00, 0x1C, 0x00, 0x00, 0x00, 0x00, 0x00, 0x00, 0x00, 0x00, 0x00, 0x00, 0x00,
    0x00, 0x00, 0x00, 0x00, 0x00, 0x00, 0x00, 0x00, 0x00, 0x00, 0x00, 0x00, 0x00, 0x00, 0x00, 0x00,
    0x00, 0x00, 0x00, 0x00, 0x00, 0x00, 0x00, 0x00, 0x00, 0x00, 0x00, 0x00, 0x00, 0x00, 0x00, 0x00,
    0x00, 0x00, 0x00, 0x00, 0x00, 0x00, 0x00, 0x00, 0x00, 0x00, 0x00, 0x00, 0x00, 0x00, 0x00, 0x00,
    0x1C, 0x7C, 0x0F, 0x80, 0x1D, 0xFE, 0x3F, 0xE0, 0x1F, 0xFF, 0x7F, 0xE0, 0x1F, 0x07, 0xF0, 0xF0,
    0x1E, 0x03, 0xC0, 0x70, 0x1C, 0x03, 0xC0, 0x70, 0x1C, 0x03, 0x80, 0x30, 0x1C, 0x03, 0x80, 0x30,
    0x1C, 0x03, 0x80, 0x30, 0x1C, 0x03, 0x80, 0x30, 0x1C, 0x03, 0x80, 0x30, 0x1C, 0x03, 0x80, 0x30,
    0x1C, 0x03, 0x80, 0x30, 0x1C, 0x03, 0x80, 0x30, 0x1C, 0x03, 0x80, 0x30, 0x1C, 0x03, 0x80, 0x30,
    0x1C, 0x03, 0x80, 0x30, 0x1C, 0x03, 0x80, 0x30, 0x00, 0x00, 0x00, 0x00, 0x00, 0x00, 0x00, 0x00,
    0x00, 0x00, 0x00, 0x00, 0x00, 0x00, 0x00, 0x00, 0x00, 0x00, 0x00, 0x00, 0x00, 0x00, 0x00, 0x00,
    0x00, 0x00, 0x00, 0x00, 0x00, 0x00, 0x00, 0x00, 0x00, 0x00, 0x00, 0x00, 0x00, 0x00, 0x00, 0x00,
    0x00, 0x00, 0x00, 0x00, 0x00, 0x00, 0x00, 0x00, 0x00, 0x00, 0x00, 0x00, 0x00, 0x00, 0x00, 0x00,
    0x1C, 0x7C, 0x00, 0x00, 0x1D, 0xFF, 0x00, 0x00, 0x1F, 0xFF, 0x00, 0x00, 0x1F, 0x07, 0x80, 0x00,
    0x1E, 0x03, 0x80, 0x00, 0x1C, 0x03, 0x80, 0x00, 0x1C, 0x01, 0xC0, 0x00, 0x1C, 0x01, 0xC0, 0x00,
    0x1C, 0x01, 0xC0, 0x00, 0x1C, 0x01, 0xC0, 0x00, 0x1C, 0x01, 0xC0, 0x00, 0x1C, 0x01, 0xC0, 0x00,
    0x1C, 0x01, 0xC0, 0x00, 0x1C, 0x01, 0xC0, 0x00, 0x1C, 0x01, 0xC0, 0x00, 0x1C, 0x01, 0xC0, 0x00,
    0x1C, 0x01, 0xC0, 0x00, 0x1C, 0x01, 0xC0, 0x00, 0x00, 0x00, 0x00, 0x00, 0x00, 0x00, 0x00, 0x00,
    0x00, 0x00, 0x00, 0x00, 0x00, 0x00, 0x00, 0x00, 0x00, 0x00, 0x00, 0x00, 0x00, 0x00, 0x00, 0x00,
    0x00, 0x00, 0x00, 0x00, 0x00, 0x00, 0x00, 0x00, 0x00, 0x00, 0x00, 0x00, 0x00, 0x00, 0x00, 0x00,
    0x00, 0x00, 0x00, 0x00, 0x00, 0x00, 0x00, 0x00, 0x00, 0x00, 0x00, 0x00, 0x00, 0x00, 0x00, 0x00,
    0x01, 0xF8, 0x00, 0x00, 0x07, 0xFE, 0x00, 0x00, 0x0F, 0xFF, 0x00, 0x00, 0x1F, 0x0F, 0x00, 0x00,
    0x1C, 0x07, 0x80, 0x00, 0x3C, 0x03, 0x80, 0x00, 0x38, 0x03, 0xC0, 0x00, 0x38, 0x01, 0xC0, 0x00,
    0x38, 0x01, 0xC0, 0x00, 0x38, 0x01, 0xC0, 0x00, 0x38, 0x01, 0xC0, 0x00, 0x38, 0x03, 0xC0, 0x00,
    0x3C, 0x03, 0x80, 0x00, 0x1C, 0x07, 0x80, 0x00, 0x1F, 0x0F, 0x00, 0x00, 0x0F, 0xFF, 0x00, 0x00,
    0x07, 0xFE, 0x00, 0x00, 0x01, 0xF8, 0x00, 0x00, 0x00, 0x00, 0x00, 0x00, 0x00, 0x00, 0x00, 0x00,
    0x00, 0x00, 0x00, 0x00, 0x00, 0x00, 0x00, 0x00, 0x00, 0x00, 0x00, 0x00, 0x00, 0x00, 0x00, 0x00,
    0x00, 0x00, 0x00, 0x00, 0x00, 0x00, 0x00, 0x00, 0x00, 0x00, 0x00, 0x00, 0x00, 0x00, 0x00, 0x00,
    0x00, 0x00, 0x00, 0x00, 0x00, 0x00, 0x00, 0x00, 0x00, 0x00, 0x00, 0x00, 0x00, 0x00, 0x00, 0x00,
    0x1C, 0x7C, 0x00, 0x00, 0x1D, 0xFF, 0x00, 0x00, 0x1F, 0xFF, 0x80, 0x00, 0x1F, 0x87, 0x80, 0x00,
    0x1E, 0x03, 0xC0, 0x00, 0x1E, 0x01, 0xC0, 0x00, 0x1C, 0x01, 0xC0, 0x00, 0x1C, 0x01, 0xC0, 0x00,
    0x1C, 0x00, 0xE0, 0x00, 0x1C, 0x00, 0xE0, 0x00, 0x1C, 0x01, 0xC0, 0x00, 0x1C, 0x01, 0xC0, 0x00,
    0x1E, 0x01, 0xC0, 0x00, 0x1E, 0x03, 0xC0, 0x00, 0x1F, 0x87, 0x80, 0x00, 0x1F, 0xFF, 0x80, 0x00,
    0x1D, 0xFF, 0x00, 0x00, 0x1C, 0x7C, 0x00, 0x00, 0x1C, 0x00, 0x00, 0x00, 0x1C, 0x00, 0x00, 0x00,
    0x00, 0x00, 0x00, 0x00, 0x00, 0x00, 0x00, 0x00, 0x00, 0x00, 0x00, 0x00, 0x00, 0x00, 0x00, 0x00,
    0x00, 0x00, 0x00, 0x00, 0x00, 0x00, 0x00, 0x00, 0x00, 0x00, 0x00, 0x00, 0x00, 0x00, 0x00, 0x00,
    0x00, 0x00, 0x00, 0x00, 0x00, 0x00, 0x00, 0x00, 0x00, 0x00, 0x00, 0x00, 0x00, 0x00, 0x00, 0x00,
    0x03, 0xF1, 0x80, 0x00, 0x07, 0xF9, 0x80, 0x00, 0x0F, 0xFF, 0x80, 0x00, 0x1E, 0x0F, 0x80, 0x00,
    0x1C, 0x07, 0x80, 0x00, 0x38, 0x03, 0x80, 0x00, 0x38, 0x03, 0x80, 0x00, 0x38, 0x03, 0x80, 0x00,
    0x38, 0x03, 0x80, 0x00, 0x38, 0x03, 0x80, 0x00, 0x38, 0x03, 0x80, 0x00, 0x38, 0x03, 0x80, 0x00,
    0x38, 0x03, 0x80, 0x00, 0x1C, 0x07, 0x80, 0x00, 0x1E, 0x0F, 0x80, 0x00, 0x0F, 0xFF, 0x80, 0x00,
    0x07, 0xF9, 0x80, 0x00, 0x03, 0xF1, 0x80, 0x00, 0x00, 0x01, 0x80, 0x00, 0x00, 0x01, 0x80, 0x00,
    0x00, 0x00, 0x00, 0x00, 0x00, 0x00, 0x00, 0x00, 0x00, 0x00, 0x00, 0x00, 0x00, 0x00, 0x00, 0x00,
    0x00, 0x00, 0x00, 0x00, 0x00, 0x00, 0x00, 0x00, 0x00, 0x00, 0x00, 0x00, 0x00, 0x00, 0x00, 0x00,
    0x00, 0x00, 0x00, 0x00, 0x00, 0x00, 0x00, 0x00, 0x00, 0x00, 0x00, 0x00, 0x00, 0x00, 0x00, 0x00,
    0x1C, 0x78, 0x00, 0x00, 0x1D, 0xF8, 0x00, 0x00, 0x1F, 0xF8, 0x00, 0x00, 0x1F, 0x00, 0x00, 0x00,
    0x1E, 0x00, 0x00, 0x00, 0x1C, 0x00, 0x00, 0x00, 0x1C, 0x00, 0x00, 0x00, 0x1C, 0x00, 0x00, 0x00,
    0x1C, 0x00, 0x00, 0x00, 0x1C, 0x00, 0x00, 0x00, 0x1C, 0x00, 0x00, 0x00, 0x1C, 0x00, 0x00, 0x00,
    0x1C, 0x00, 0x00, 0x00, 0x1C, 0x00, 0x00, 0x00, 0x1C, 0x00, 0x00, 0x00, 0x1C, 0x00, 0x00, 0x00,
    0x1C, 0x00, 0x00, 0x00, 0x1C, 0x00, 0x00, 0x00, 0x00, 0x00, 0x00, 0x00, 0x00, 0x00, 0x00, 0x00,
    0x00, 0x00, 0x00, 0x00, 0x00, 0x00, 0x00, 0x00, 0x00, 0x00, 0x00, 0x00, 0x00, 0x00, 0x00, 0x00,
    0x00, 0x00, 0x00, 0x00, 0x00, 0x00, 0x00, 0x00, 0x00, 0x00, 0x00, 0x00, 0x00, 0x00, 0x00, 0x00,
    0x00, 0x00, 0x00, 0x00, 0x00, 0x00, 0x00, 0x00, 0x00, 0x00, 0x00, 0x00, 0x00, 0x00, 0x00, 0x00,
    0x07, 0xF0, 0x00, 0x00, 0x1F, 0xFC, 0x00, 0x00, 0x3F, 0xFC, 0x00, 0x00, 0x3C, 0x0C, 0x00, 0x00,
    0x38, 0x00, 0x00, 0x00, 0x38, 0x00, 0x00, 0x00, 0x38, 0x00, 0x00, 0x00, 0x1F, 0x80, 0x00, 0x00,
    0x0F, 0xF0, 0x00, 0x00, 0x01, 0xFC, 0x00, 0x00, 0x00, 0x1E, 0x00, 0x00, 0x00, 0x0E, 0x00, 0x00,
    0x00, 0x0E, 0x00, 0x00, 0x20, 0x0E, 0x00, 0x00, 0x38, 0x1E, 0x00, 0x00, 0x3F, 0xFC, 0x00, 0x00,
    0x1F, 0xF8, 0x00, 0x00, 0x07, 0xE0, 0x00, 0x00, 0x00, 0x00, 0x00, 0x00, 0x00, 0x00, 0x00, 0x00,
    0x00, 0x00, 0x00, 0x00, 0x00, 0x00, 0x00, 0x00, 0x00, 0x00, 0x00, 0x00, 0x00, 0x00, 0x00, 0x00,
    0x00, 0x00, 0x00, 0x00, 0x00, 0x00, 0x00, 0x00, 0x00, 0x00, 0x00, 0x00, 0x1C, 0x00, 0x00, 0x00,
    0x1C, 0x00, 0x00, 0x00, 0x1C, 0x00, 0x00, 0x00, 0x1C, 0x00, 0x00, 0x00, 0x1C, 0x00, 0x00, 0x00,
    0x7F, 0xF0, 0x00, 0x00, 0x7F, 0xF0, 0x00, 0x00, 0x7F, 0xF0, 0x00, 0x00, 0x1C, 0x00, 0x00, 0x00,
    0x1C, 0x00, 0x00, 0x00, 0x1C, 0x00, 0x00, 0x00, 0x1C, 0x00, 0x00, 0x00, 0x1C, 0x00, 0x00, 0x00,
    0x1C, 0x00, 0x00, 0x00, 0x1C, 0x00, 0x00, 0x00, 0x1C, 0x00, 0x00, 0x00, 0x1C, 0x00, 0x00, 0x00,
    0x1C, 0x00, 0x00, 0x00, 0x1C, 0x00, 0x00, 0x00, 0x1E, 0x00, 0x00, 0x00, 0x0F, 0xF0, 0x00, 0x00,
    0x0F, 0xF0, 0x00, 0x00, 0x03, 0xF0, 0x00, 0x00, 0x00, 0x00, 0x00, 0x00, 0x00, 0x00, 0x00, 0x00,
    0x00, 0x00, 0x00, 0x00, 0x00, 0x00, 0x00, 0x00, 0x00, 0x00, 0x00, 0x00, 0x00, 0x00, 0x00, 0x00,
    0x00, 0x00, 0x00, 0x00, 0x00, 0x00, 0x00, 0x00, 0x00, 0x00, 0x00, 0x00, 0x00, 0x00, 0x00, 0x00,
    0x00, 0x00, 0x00, 0x00, 0x00, 0x00, 0x00, 0x00, 0x00, 0x00, 0x00, 0x00, 0x00, 0x00, 0x00, 0x00,
    0x1C, 0x03, 0x80, 0x00, 0x1C, 0x03, 0x80, 0x00, 0x1C, 0x03, 0x80, 0x00, 0x1C, 0x03, 0x80, 0x00,
    0x1C, 0x03, 0x80, 0x00, 0x1C, 0x03, 0x80, 0x00, 0x1C, 0x03, 0x80, 0x00, 0x1C, 0x03, 0x80, 0x00,
    0x1C, 0x03, 0x80, 0x00, 0x1C, 0x03, 0x80, 0x00, 0x1C, 0x03, 0x80, 0x00, 0x1C, 0x03, 0x80, 0x00,
    0x1C, 0x03, 0x80, 0x00, 0x1C, 0x07, 0x80, 0x00, 0x1E, 0x0F, 0x80, 0x00, 0x0F, 0xFF, 0x80, 0x00,
    0x07, 0xFB, 0x80, 0x00, 0x03, 0xE3, 0x80, 0x00, 0x00, 0x00, 0x00, 0x00, 0x00, 0x00, 0x00, 0x00,
    0x00, 0x00, 0x00, 0x00, 0x00, 0x00, 0x00, 0x00, 0x00, 0x00, 0x00, 0x00, 0x00, 0x00, 0x00, 0x00,
    0x00, 0x00, 0x00, 0x00, 0x00, 0x00, 0x00, 0x00, 0x00, 0x00, 0x00, 0x00, 0x00, 0x00, 0x00, 0x00,
    0x00, 0x00, 0x00, 0x00, 0x00, 0x00, 0x00, 0x00, 0x00, 0x00, 0x00, 0x00, 0x00, 0x00, 0x00, 0x00,
    0x70, 0x01, 0xC0, 0x00, 0x78, 0x03, 0x80, 0x00, 0x38, 0x03, 0x80, 0x00, 0x38, 0x03, 0x80, 0x00,
    0x1C, 0x07, 0x00, 0x00, 0x1C, 0x07, 0x00, 0x00, 0x1C, 0x07, 0x00, 0x00, 0x0E, 0x0E, 0x00, 0x00,
    0x0E, 0x0E, 0x00, 0x00, 0x0E, 0x1E, 0x00, 0x00, 0x07, 0x1C, 0x00, 0x00, 0x07, 0x1C, 0x00, 0x00,
    0x03, 0xB8, 0x00, 0x00, 0x03, 0xB8, 0x00, 0x00, 0x03, 0xF8, 0x00, 0x00, 0x01, 0xF0, 0x00, 0x00,
    0x01, 0xF0, 0x00, 0x00, 0x01, 0xF0, 0x00, 0x00, 0x00, 0x00, 0x00, 0x00, 0x00, 0x00, 0x00, 0x00,
    0x00, 0x00, 0x00, 0x00, 0x00, 0x00, 0x00, 0x00, 0x00, 0x00, 0x00, 0x00, 0x00, 0x00, 0x00, 0x00,
    0x00, 0x00, 0x00, 0x00, 0x00, 0x00, 0x00, 0x00, 0x00, 0x00, 0x00, 0x00, 0x00, 0x00, 0x00, 0x00,
    0x00, 0x00, 0x00, 0x00, 0x00, 0x00, 0x00, 0x00, 0x00, 0x00, 0x00, 0x00, 0x00, 0x00, 0x00, 0x00,
    0x70, 0x1E, 0x03, 0x80, 0x38, 0x1E, 0x03, 0x00, 0x38, 0x1E, 0x07, 0x00, 0x38, 0x3F, 0x07, 0x00,
    0x38, 0x3F, 0x07, 0x00, 0x1C, 0x3B, 0x06, 0x00, 0x1C, 0x33, 0x0E, 0x00, 0x1C, 0x73, 0x8E, 0x00,
    0x0C, 0x73, 0x8E, 0x00, 0x0E, 0x61, 0x8C, 0x00, 0x0E, 0x61, 0x9C, 0x00, 0x0E, 0xE1, 0xDC, 0x00,
    0x06, 0xE1, 0xDC, 0x00, 0x07, 0xC0, 0xF8, 0x00, 0x07, 0xC0, 0xF8, 0x00, 0x07, 0xC0, 0xF8, 0x00,
    0x03, 0xC0, 0xF8, 0x00, 0x03, 0x80, 0x70, 0x00, 0x00, 0x00, 0x00, 0x00, 0x00, 0x00, 0x00, 0x00,
    0x00, 0x00, 0x00, 0x00, 0x00, 0x00, 0x00, 0x00, 0x00, 0x00, 0x00, 0x00, 0x00, 0x00, 0x00, 0x00,
    0x00, 0x00, 0x00, 0x00, 0x00, 0x00, 0x00, 0x00, 0x00, 0x00, 0x00, 0x00, 0x00, 0x00, 0x00, 0x00,
    0x00, 0x00, 0x00, 0x00, 0x00, 0x00, 0x00, 0x00, 0x00, 0x00, 0x00, 0x00, 0x00, 0x00, 0x00, 0x00,
    0x38, 0x03, 0x80, 0x00, 0x1C, 0x07, 0x00, 0x00, 0x1E, 0x0F, 0x00, 0x00, 0x0E, 0x0E, 0x00, 0x00,
    0x07, 0x1C, 0x00, 0x00, 0x07, 0xBC, 0x00, 0x00, 0x03, 0xF8, 0x00, 0x00, 0x01, 0xF0, 0x00, 0x00,
    0x00, 0xE0, 0x00, 0x00, 0x01, 0xF0, 0x00, 0x00, 0x03, 0xF0, 0x00, 0x00, 0x03, 0xB8, 0x00, 0x00,
    0x07, 0x1C, 0x00, 0x00, 0x0F, 0x1E, 0x00, 0x00, 0x1E, 0x0E, 0x00, 0x00, 0x1C, 0x07, 0x00, 0x00,
    0x38, 0x07, 0x80, 0x00, 0x78, 0x03, 0xC0, 0x00, 0x00, 0x00, 0x00, 0x00, 0x00, 0x00, 0x00, 0x00,
    0x00, 0x00, 0x00, 0x00, 0x00, 0x00, 0x00, 0x00, 0x00, 0x00, 0x00, 0x00, 0x00, 0x00, 0x00, 0x00,
    0x00, 0x00, 0x00, 0x00, 0x00, 0x00, 0x00, 0x00, 0x00, 0x00, 0x00, 0x00, 0x00, 0x00, 0x00, 0x00,
    0x00, 0x00, 0x00, 0x00, 0x00, 0x00, 0x00, 0x00, 0x00, 0x00, 0x00, 0x00, 0x00, 0x00, 0x00, 0x00,
    0x70, 0x01, 0xC0, 0x00, 0x38, 0x03, 0x80, 0x00, 0x38, 0x03, 0x80, 0x00, 0x38, 0x03, 0x80, 0x00,
    0x1C, 0x07, 0x00, 0x00, 0x1C, 0x07, 0x00, 0x00, 0x0E, 0x0E, 0x00, 0x00, 0x0E, 0x0E, 0x00, 0x00,
    0x0E, 0x0E, 0x00, 0x00, 0x07, 0x1C, 0x00, 0x00, 0x07, 0x1C, 0x00, 0x00, 0x03, 0x38, 0x00, 0x00,
    0x03, 0xB8, 0x00, 0x00, 0x03, 0xF8, 0x00, 0x00, 0x01, 0xF0, 0x00, 0x00, 0x01, 0xF0, 0x00, 0x00,
    0x00, 0xE0, 0x00, 0x00, 0x00, 0xE0, 0x00, 0x00, 0x00, 0xE0, 0x00, 0x00, 0x01, 0xC0, 0x00, 0x00,
    0x00, 0x00, 0x00, 0x00, 0x00, 0x00, 0x00, 0x00, 0x00, 0x00, 0x00, 0x00, 0x00, 0x00, 0x00, 0x00,
    0x00, 0x00, 0x00, 0x00, 0x00, 0x00, 0x00, 0x00, 0x00, 0x00, 0x00, 0x00, 0x00, 0x00, 0x00, 0x00,
    0x00, 0x00, 0x00, 0x00, 0x00, 0x00, 0x00, 0x00, 0x00, 0x00, 0x00, 0x00, 0x00, 0x00, 0x00, 0x00,
    0x3F, 0xFE, 0x00, 0x00, 0x3F, 0xFE, 0x00, 0x00, 0x3F, 0xFE, 0x00, 0x00, 0x00, 0x0E, 0x00, 0x00,
    0x00, 0x1C, 0x00, 0x00, 0x00, 0x38, 0x00, 0x00, 0x00, 0x70, 0x00, 0x00, 0x00, 0xE0, 0x00, 0x00,
    0x01, 0xC0, 0x00, 0x00, 0x01, 0x80, 0x00, 0x00, 0x03, 0x80, 0x00, 0x00, 0x07, 0x00, 0x00, 0x00,
    0x0E, 0x00, 0x00, 0x00, 0x1C, 0x00, 0x00, 0x00, 0x38, 0x00, 0x00, 0x00, 0x7F, 0xFE, 0x00, 0x00,
    0x7F, 0xFE, 0x00, 0x00, 0x7F, 0xFE, 0x00, 0x00, 0x00, 0x00, 0x00, 0x00, 0x00, 0x00, 0x00, 0x00,
    0x00, 0x00, 0x00, 0x00, 0x00, 0x00, 0x00, 0x00, 0x00, 0x00, 0x00, 0x00, 0x00, 0x00, 0x00, 0x00,
    0x00, 0x00, 0x00, 0x00, 0x00, 0x00, 0x00, 0x00, 0x00, 0x0F, 0x00, 0x00, 0x00, 0x3F, 0x00, 0x00,
    0x00, 0x7F, 0x00, 0x00, 0x00, 0x78, 0x00, 0x00, 0x00, 0x70, 0x00, 0x00, 0x00, 0x70, 0x00, 0x00,
    0x00, 0x70, 0x00, 0x00, 0x00, 0x70, 0x00, 0x00, 0x00, 0x70, 0x00, 0x00, 0x00, 0x70, 0x00, 0x00,
    0x00, 0x70, 0x00, 0x00, 0x00, 0xF0, 0x00, 0x00, 0x00, 0xE0, 0x00, 0x00, 0x0F, 0xE0, 0x00, 0x00,
    0x0F, 0x80, 0x00, 0x00, 0x0F, 0xC0, 0x00, 0x00, 0x01, 0xE0, 0x00, 0x00, 0x00, 0xF0, 0x00, 0x00,
    0x00, 0x70, 0x00, 0x00, 0x00, 0x70, 0x00, 0x00, 0x00, 0x70, 0x00, 0x00, 0x00, 0x70, 0x00, 0x00,
    0x00, 0x70, 0x00, 0x00, 0x00, 0x70, 0x00, 0x00, 0x00, 0x70, 0x00, 0x00, 0x00, 0x70, 0x00, 0x00,
    0x00, 0x00, 0x00, 0x00, 0x00, 0x00, 0x00, 0x00, 0x00, 0x00, 0x00, 0x00, 0x00, 0x00, 0x00, 0x00,
    0x00, 0x00, 0x00, 0x00, 0x00, 0x00, 0x00, 0x00, 0x0E, 0x00, 0x00, 0x00, 0x0E, 0x00, 0x00, 0x00,
    0x0E, 0x00, 0x00, 0x00, 0x0E, 0x00, 0x00, 0x00, 0x0E, 0x00, 0x00, 0x00, 0x0E, 0x00, 0x00, 0x00,
    0x0E, 0x00, 0x00, 0x00, 0x0E, 0x00, 0x00, 0x00, 0x0E, 0x00, 0x00, 0x00, 0x0E, 0x00, 0x00, 0x00,
    0x0E, 0x00, 0x00, 0x00, 0x0E, 0x00, 0x00, 0x00, 0x0E, 0x00, 0x00, 0x00, 0x0E, 0x00, 0x00, 0x00,
    0x0E, 0x00, 0x00, 0x00, 0x0E, 0x00, 0x00, 0x00, 0x0E, 0x00, 0x00, 0x00, 0x0E, 0x00, 0x00, 0x00,
    0x0E, 0x00, 0x00, 0x00, 0x0E, 0x00, 0x00, 0x00, 0x0E, 0x00, 0x00, 0x00, 0x0E, 0x00, 0x00, 0x00,
    0x0E, 0x00, 0x00, 0x00, 0x0E, 0x00, 0x00, 0x00, 0x0E, 0x00, 0x00, 0x00, 0x0E, 0x00, 0x00, 0x00,
    0x00, 0x00, 0x00, 0x00, 0x00, 0x00, 0x00, 0x00, 0x00, 0x00, 0x00, 0x00, 0x00, 0x00, 0x00, 0x00,
    0x00, 0x00, 0x00, 0x00, 0x00, 0x00, 0x00, 0x00, 0x0F, 0x80, 0x00, 0x00, 0x0F, 0xC0, 0x00, 0x00,
    0x0F, 0xE0, 0x00, 0x00, 0x00, 0xE0, 0x00, 0x00, 0x00, 0xE0, 0x00, 0x00, 0x00, 0x60, 0x00, 0x00,
    0x00, 0x60, 0x00, 0x00, 0x00, 0x60, 0x00, 0x00, 0x00, 0x60, 0x00, 0x00, 0x00, 0x60, 0x00, 0x00,
    0x00, 0x70, 0x00, 0x00, 0x00, 0x70, 0x00, 0x00, 0x00, 0x78, 0x00, 0x00, 0x00, 0x3F, 0x00, 0x00,
    0x00, 0x1F, 0x00, 0x00, 0x00, 0x3F, 0x00, 0x00, 0x00, 0x78, 0x00, 0x00, 0x00, 0x70, 0x00, 0x00,
    0x00, 0x70, 0x00, 0x00, 0x00, 0x70, 0x00, 0x00, 0x00, 0x60, 0x00, 0x00, 0x00, 0x60, 0x00, 0x00,
    0x00, 0x60, 0x00, 0x00, 0x00, 0x60, 0x00, 0x00, 0x00, 0x60, 0x00, 0x00, 0x00, 0xE0, 0x00, 0x00,
    0x00, 0x00, 0x00, 0x00, 0x00, 0x00, 0x00, 0x00, 0x00, 0x00, 0x00, 0x00, 0x00, 0x00, 0x00, 0x00,
    0x00, 0x00, 0x00, 0x00, 0x00, 0x00, 0x00, 0x00, 0x00, 0x00, 0x00, 0x00, 0x00, 0x00, 0x00, 0x00,
    0x00, 0x00, 0x00, 0x00, 0x00, 0x00, 0x00, 0x00, 0x00, 0x00, 0x00, 0x00, 0x00, 0x00, 0x00, 0x00,
    0x00, 0x00, 0x00, 0x00, 0x00, 0x00, 0x00, 0x00, 0x00, 0x00, 0x00, 0x00, 0x00, 0x00, 0x00, 0x00,
    0x00, 0x00, 0x00, 0x00, 0x01, 0xF0, 0x02, 0x00, 0x07, 0xFE, 0x0E, 0x00, 0x0F, 0xFF, 0xFE, 0x00,
    0x1E, 0x0F, 0xFC, 0x00, 0x18, 0x01, 0xF0, 0x00, 0x00, 0x00, 0x00, 0x00, 0x00, 0x00, 0x00, 0x00,
    0x00, 0x00, 0x00, 0x00, 0x00, 0x00, 0x00, 0x00, 0x00, 0x00, 0x00, 0x00, 0x00, 0x00, 0x00, 0x00,
    0x00, 0x00, 0x00, 0x00, 0x00, 0x00, 0x00, 0x00, 0x00, 0x00, 0x00, 0x00, 0x00, 0x00, 0x00, 0x00,
};
static const uint8_t aurora_font_32_widths[] = {
    0x0A, 0x0D, 0x0F, 0x1B, 0x14, 0x1E, 0x19, 0x09, 0x0C, 0x0C, 0x10, 0x1B, 0x0A, 0x0C, 0x0A, 0x0B, 0x14, 0x14, 0x14, 0x14, 0x14, 0x14, 0x14, 0x14, 0x14, 0x14, 0x0B, 0x0B, 0x1B, 0x1B, 0x1B, 0x11, 0x20, 0x16, 0x16, 0x16, 0x19, 0x14, 0x12, 0x19, 0x18, 0x09, 0x09, 0x15, 0x12, 0x1C, 0x18, 0x19, 0x13, 0x19, 0x16, 0x14, 0x14, 0x17, 0x16, 0x20, 0x16, 0x14, 0x16, 0x0C, 0x0B, 0x0C, 0x1B, 0x10, 0x10, 0x14, 0x14, 0x12, 0x14, 0x14, 0x0B, 0x14, 0x14, 0x09, 0x09, 0x13, 0x09, 0x1F, 0x14, 0x14, 0x14, 0x14, 0x0D, 0x11, 0x0D, 0x14, 0x13, 0x1A, 0x13, 0x13, 0x11, 0x14, 0x0B, 0x14, 0x1B
};
static const aurora_font_size_t aurora_font_sizes[] = {
    {12, 2, aurora_font_12_bits, aurora_font_12_widths},
    {14, 2, aurora_font_14_bits, aurora_font_14_widths},
    {16, 2, aurora_font_16_bits, aurora_font_16_widths},
    {20, 3, aurora_font_20_bits, aurora_font_20_widths},
    {24, 3, aurora_font_24_bits, aurora_font_24_widths},
    {32, 4, aurora_font_32_bits, aurora_font_32_widths},
};
#define AURORA_FONT_SIZE_COUNT 6
#define AURORA_FONT_FIRST 32
#define AURORA_FONT_COUNT 95
